,0,negative
0,1,negative
1,2,negative
2,3,negative
3,4,negative
4,5,negative
5,6,negative
6,7,negative
7,8,negative
8,9,negative
9,10,negative
10,11,negative
11,12,negative
12,13,negative
13,14,negative
14,15,negative
15,16,negative
16,17,negative
17,18,negative
18,19,negative
19,20,negative
20,21,negative
21,22,negative
22,23,negative
23,24,negative
24,25,negative
25,26,negative
26,27,negative
27,28,negative
28,29,negative
29,30,negative
30,31,negative
31,32,negative
32,33,negative
33,34,negative
34,35,negative
35,36,negative
36,37,negative
37,38,negative
38,39,negative
39,40,negative
40,41,negative
41,42,negative
42,43,negative
43,44,negative
44,45,negative
45,46,negative
46,47,negative
47,48,negative
48,49,negative
49,50,negative
50,51,negative
51,52,negative
52,53,negative
53,54,negative
54,55,negative
55,56,negative
56,57,negative
57,58,negative
58,59,negative
59,60,negative
60,61,negative
61,62,negative
62,63,negative
63,64,negative
64,65,negative
65,66,negative
66,67,negative
67,68,negative
68,69,negative
69,70,negative
70,71,negative
71,72,negative
72,73,negative
73,74,negative
74,75,negative
75,76,negative
76,77,negative
77,78,negative
78,79,negative
79,80,negative
80,81,negative
81,82,negative
82,83,negative
83,84,negative
84,85,negative
85,86,negative
86,87,negative
87,88,negative
88,89,negative
89,90,negative
90,91,negative
91,92,negative
92,93,negative
93,94,negative
94,95,negative
95,96,negative
96,97,negative
97,98,negative
98,99,negative
99,100,negative
100,101,negative
101,102,negative
102,103,negative
103,104,negative
104,105,negative
105,106,negative
106,107,negative
107,108,negative
108,109,negative
109,110,negative
110,111,negative
111,112,negative
112,113,negative
113,114,negative
114,115,negative
115,116,negative
116,117,negative
117,118,negative
118,119,negative
119,120,negative
120,121,negative
121,122,negative
122,123,negative
123,124,negative
124,125,negative
125,126,negative
126,127,negative
127,128,negative
128,129,negative
129,130,negative
130,131,negative
131,132,negative
132,133,negative
133,134,negative
134,135,negative
135,136,negative
136,137,negative
137,138,negative
138,139,negative
139,140,negative
140,141,negative
141,142,negative
142,143,negative
143,144,negative
144,145,negative
145,146,negative
146,147,negative
147,148,negative
148,149,negative
149,150,negative
150,151,negative
151,152,negative
152,153,negative
153,154,negative
154,155,negative
155,156,negative
156,157,negative
157,158,negative
158,159,negative
159,160,negative
160,161,negative
161,162,negative
162,163,negative
163,164,negative
164,165,negative
165,166,negative
166,167,negative
167,168,negative
168,169,negative
169,170,negative
170,171,negative
171,172,negative
172,173,negative
173,174,negative
174,175,negative
175,176,negative
176,177,negative
177,178,negative
178,179,negative
179,180,negative
180,181,negative
181,182,negative
182,183,negative
183,184,negative
184,185,negative
185,186,negative
186,187,negative
187,188,negative
188,189,negative
189,190,negative
190,191,negative
191,192,negative
192,193,negative
193,194,negative
194,195,negative
195,196,negative
196,197,negative
197,198,negative
198,199,negative
199,200,negative
200,201,negative
201,202,negative
202,203,negative
203,204,negative
204,205,negative
205,206,negative
206,207,negative
207,208,negative
208,209,negative
209,210,negative
210,211,negative
211,212,negative
212,213,negative
213,214,negative
214,215,negative
215,216,negative
216,217,negative
217,218,negative
218,219,negative
219,220,negative
220,221,negative
221,222,negative
222,223,negative
223,224,negative
224,225,negative
225,226,negative
226,227,negative
227,228,negative
228,229,negative
229,230,negative
230,231,negative
231,232,negative
232,233,negative
233,234,negative
234,235,negative
235,236,negative
236,237,negative
237,238,negative
238,239,negative
239,240,negative
240,241,negative
241,242,negative
242,243,negative
243,244,negative
244,245,negative
245,246,negative
246,247,negative
247,248,negative
248,249,negative
249,250,negative
250,251,negative
251,252,negative
252,253,negative
253,254,negative
254,255,negative
255,256,negative
256,257,negative
257,258,negative
258,259,negative
259,260,negative
260,261,negative
261,262,negative
262,263,negative
263,264,negative
264,265,negative
265,266,negative
266,267,negative
267,268,negative
268,269,negative
269,270,negative
270,271,negative
271,272,negative
272,273,negative
273,274,negative
274,275,negative
275,276,negative
276,277,negative
277,278,negative
278,279,negative
279,280,negative
280,281,negative
281,282,negative
282,283,negative
283,284,negative
284,285,negative
285,286,negative
286,287,negative
287,288,negative
288,289,negative
289,290,negative
290,291,negative
291,292,negative
292,293,negative
293,294,negative
294,295,negative
295,296,negative
296,297,negative
297,298,negative
298,299,negative
299,300,negative
300,301,negative
301,302,negative
302,303,negative
303,304,negative
304,305,negative
305,306,negative
306,307,negative
307,308,negative
308,309,negative
309,310,negative
310,311,negative
311,312,negative
312,313,negative
313,314,negative
314,315,negative
315,316,negative
316,317,negative
317,318,negative
318,319,negative
319,320,negative
320,321,negative
321,322,negative
322,323,negative
323,324,negative
324,325,negative
325,326,negative
326,327,negative
327,328,negative
328,329,negative
329,330,negative
330,331,negative
331,332,negative
332,333,negative
333,334,negative
334,335,negative
335,336,negative
336,337,negative
337,338,negative
338,339,negative
339,340,negative
340,341,negative
341,342,negative
342,343,negative
343,344,negative
344,345,negative
345,346,negative
346,347,negative
347,348,negative
348,349,negative
349,350,negative
350,351,negative
351,352,negative
352,353,negative
353,354,negative
354,355,negative
355,356,negative
356,357,negative
357,358,negative
358,359,negative
359,360,negative
360,361,negative
361,362,negative
362,363,negative
363,364,negative
364,365,negative
365,366,negative
366,367,negative
367,368,negative
368,369,negative
369,370,negative
370,371,negative
371,372,negative
372,373,negative
373,374,negative
374,375,negative
375,376,negative
376,377,negative
377,378,negative
378,379,negative
379,380,negative
380,381,negative
381,382,negative
382,383,negative
383,384,negative
384,385,negative
385,386,negative
386,387,negative
387,388,negative
388,389,negative
389,390,negative
390,391,negative
391,392,negative
392,393,negative
393,394,negative
394,395,negative
395,396,negative
396,397,negative
397,398,negative
398,399,negative
399,400,negative
400,401,negative
401,402,negative
402,403,negative
403,404,negative
404,405,negative
405,406,negative
406,407,negative
407,408,negative
408,409,negative
409,410,negative
410,411,negative
411,412,negative
412,413,negative
413,414,negative
414,415,negative
415,416,negative
416,417,negative
417,418,negative
418,419,negative
419,420,negative
420,421,negative
421,422,negative
422,423,negative
423,424,negative
424,425,negative
425,426,negative
426,427,negative
427,428,negative
428,429,negative
429,430,negative
430,431,negative
431,432,negative
432,433,negative
433,434,negative
434,435,negative
435,436,negative
436,437,negative
437,438,negative
438,439,negative
439,440,negative
440,441,negative
441,442,negative
442,443,negative
443,444,negative
444,445,negative
445,446,negative
446,447,negative
447,448,negative
448,449,negative
449,450,negative
450,451,negative
451,452,negative
452,453,negative
453,454,negative
454,455,negative
455,456,negative
456,457,negative
457,458,negative
458,459,negative
459,460,negative
460,461,negative
461,462,negative
462,463,negative
463,464,negative
464,465,negative
465,466,negative
466,467,negative
467,468,negative
468,469,negative
469,470,negative
470,471,negative
471,472,negative
472,473,negative
473,474,negative
474,475,negative
475,476,negative
476,477,negative
477,478,negative
478,479,negative
479,480,negative
480,481,negative
481,482,negative
482,483,negative
483,484,negative
484,485,negative
485,486,negative
486,487,negative
487,488,negative
488,489,negative
489,490,negative
490,491,negative
491,492,negative
492,493,negative
493,494,negative
494,495,negative
495,496,negative
496,497,negative
497,498,negative
498,499,negative
499,500,negative
500,501,negative
501,502,negative
502,503,negative
503,504,negative
504,505,negative
505,506,negative
506,507,negative
507,508,negative
508,509,negative
509,510,negative
510,511,negative
511,512,negative
512,513,negative
513,514,negative
514,515,negative
515,516,negative
516,517,negative
517,518,negative
518,519,negative
519,520,negative
520,521,negative
521,522,negative
522,523,negative
523,524,negative
524,525,negative
525,526,negative
526,527,negative
527,528,negative
528,529,negative
529,530,negative
530,531,negative
531,532,negative
532,533,negative
533,534,negative
534,535,negative
535,536,negative
536,537,negative
537,538,negative
538,539,negative
539,540,negative
540,541,negative
541,542,negative
542,543,negative
543,544,negative
544,545,negative
545,546,negative
546,547,negative
547,548,negative
548,549,negative
549,550,negative
550,551,negative
551,552,negative
552,553,negative
553,554,negative
554,555,negative
555,556,negative
556,557,negative
557,558,negative
558,559,negative
559,560,negative
560,561,negative
561,562,negative
562,563,negative
563,564,negative
564,565,negative
565,566,negative
566,567,negative
567,568,negative
568,569,negative
569,570,negative
570,571,negative
571,572,negative
572,573,negative
573,574,negative
574,575,negative
575,576,negative
576,577,negative
577,578,negative
578,579,negative
579,580,negative
580,581,negative
581,582,negative
582,583,negative
583,584,negative
584,585,negative
585,586,negative
586,587,negative
587,588,negative
588,589,negative
589,590,negative
590,591,negative
591,592,negative
592,593,negative
593,594,negative
594,595,negative
595,596,negative
596,597,negative
597,598,negative
598,599,negative
599,600,negative
600,601,negative
601,602,negative
602,603,negative
603,604,negative
604,605,negative
605,606,negative
606,607,negative
607,608,negative
608,609,negative
609,610,negative
610,611,negative
611,612,negative
612,613,negative
613,614,negative
614,615,negative
615,616,negative
616,617,negative
617,618,negative
618,619,negative
619,620,negative
620,621,negative
621,622,negative
622,623,negative
623,624,negative
624,625,negative
625,626,negative
626,627,negative
627,628,negative
628,629,negative
629,630,negative
630,631,negative
631,632,negative
632,633,negative
633,634,negative
634,635,negative
635,636,negative
636,637,negative
637,638,negative
638,639,negative
639,640,negative
640,641,negative
641,642,negative
642,643,negative
643,644,negative
644,645,negative
645,646,negative
646,647,negative
647,648,negative
648,649,negative
649,650,negative
650,651,negative
651,652,negative
652,653,negative
653,654,negative
654,655,negative
655,656,negative
656,657,negative
657,658,negative
658,659,negative
659,660,negative
660,661,negative
661,662,negative
662,663,negative
663,664,negative
664,665,negative
665,666,negative
666,667,negative
667,668,negative
668,669,negative
669,670,negative
670,671,negative
671,672,negative
672,673,negative
673,674,negative
674,675,negative
675,676,negative
676,677,negative
677,678,negative
678,679,negative
679,680,negative
680,681,negative
681,682,negative
682,683,negative
683,684,negative
684,685,negative
685,686,negative
686,687,negative
687,688,negative
688,689,negative
689,690,negative
690,691,negative
691,692,negative
692,693,negative
693,694,negative
694,695,negative
695,696,negative
696,697,negative
697,698,negative
698,699,negative
699,700,negative
700,701,negative
701,702,negative
702,703,negative
703,704,negative
704,705,negative
705,706,negative
706,707,negative
707,708,negative
708,709,negative
709,710,negative
710,711,negative
711,712,negative
712,713,negative
713,714,negative
714,715,negative
715,716,negative
716,717,negative
717,718,negative
718,719,negative
719,720,negative
720,721,negative
721,722,negative
722,723,negative
723,724,negative
724,725,negative
725,726,negative
726,727,negative
727,728,negative
728,729,negative
729,730,negative
730,731,negative
731,732,negative
732,733,negative
733,734,negative
734,735,negative
735,736,negative
736,737,negative
737,738,negative
738,739,negative
739,740,negative
740,741,negative
741,742,negative
742,743,negative
743,744,negative
744,745,negative
745,746,negative
746,747,negative
747,748,negative
748,749,negative
749,750,negative
750,751,negative
751,752,negative
752,753,negative
753,754,negative
754,755,negative
755,756,negative
756,757,negative
757,758,negative
758,759,negative
759,760,negative
760,761,negative
761,762,negative
762,763,negative
763,764,negative
764,765,negative
765,766,negative
766,767,negative
767,768,negative
768,769,negative
769,770,negative
770,771,negative
771,772,negative
772,773,negative
773,774,negative
774,775,negative
775,776,negative
776,777,negative
777,778,negative
778,779,negative
779,780,negative
780,781,negative
781,782,negative
782,783,negative
783,784,negative
784,785,negative
785,786,negative
786,787,negative
787,788,negative
788,789,negative
789,790,negative
790,791,negative
791,792,negative
792,793,negative
793,794,negative
794,795,negative
795,796,negative
796,797,negative
797,798,negative
798,799,negative
799,800,negative
800,801,negative
801,802,negative
802,803,negative
803,804,negative
804,805,negative
805,806,negative
806,807,negative
807,808,negative
808,809,negative
809,810,negative
810,811,negative
811,812,negative
812,813,negative
813,814,negative
814,815,negative
815,816,negative
816,817,negative
817,818,negative
818,819,negative
819,820,negative
820,821,negative
821,822,negative
822,823,negative
823,824,negative
824,825,negative
825,826,negative
826,827,negative
827,828,negative
828,829,negative
829,830,negative
830,831,negative
831,832,negative
832,833,negative
833,834,negative
834,835,negative
835,836,negative
836,837,negative
837,838,negative
838,839,negative
839,840,negative
840,841,negative
841,842,negative
842,843,negative
843,844,negative
844,845,negative
845,846,negative
846,847,negative
847,848,negative
848,849,negative
849,850,negative
850,851,negative
851,852,negative
852,853,negative
853,854,negative
854,855,negative
855,856,negative
856,857,negative
857,858,negative
858,859,negative
859,860,negative
860,861,negative
861,862,negative
862,863,negative
863,864,negative
864,865,negative
865,866,negative
866,867,negative
867,868,negative
868,869,negative
869,870,negative
870,871,negative
871,872,negative
872,873,negative
873,874,negative
874,875,negative
875,876,negative
876,877,negative
877,878,negative
878,879,negative
879,880,negative
880,881,negative
881,882,negative
882,883,negative
883,884,negative
884,885,negative
885,886,negative
886,887,negative
887,888,negative
888,889,negative
889,890,negative
890,891,negative
891,892,negative
892,893,negative
893,894,negative
894,895,negative
895,896,negative
896,897,negative
897,898,negative
898,899,negative
899,900,negative
900,901,negative
901,902,negative
902,903,negative
903,904,negative
904,905,negative
905,906,negative
906,907,negative
907,908,negative
908,909,negative
909,910,negative
910,911,negative
911,912,negative
912,913,negative
913,914,negative
914,915,negative
915,916,negative
916,917,negative
917,918,negative
918,919,negative
919,920,negative
920,921,negative
921,922,negative
922,923,negative
923,924,negative
924,925,negative
925,926,negative
926,927,negative
927,928,negative
928,929,negative
929,930,negative
930,931,negative
931,932,negative
932,933,negative
933,934,negative
934,935,negative
935,936,negative
936,937,negative
937,938,negative
938,939,negative
939,940,negative
940,941,negative
941,942,negative
942,943,negative
943,944,negative
944,945,negative
945,946,negative
946,947,negative
947,948,negative
948,949,negative
949,950,negative
950,951,negative
951,952,negative
952,953,negative
953,954,negative
954,955,negative
955,956,negative
956,957,negative
957,958,negative
958,959,negative
959,960,negative
960,961,negative
961,962,negative
962,963,negative
963,964,negative
964,965,negative
965,966,negative
966,967,negative
967,968,negative
968,969,negative
969,970,negative
970,971,negative
971,972,negative
972,973,negative
973,974,negative
974,975,negative
975,976,negative
976,977,negative
977,978,negative
978,979,negative
979,980,negative
980,981,negative
981,982,negative
982,983,negative
983,984,negative
984,985,negative
985,986,negative
986,987,negative
987,988,negative
988,989,negative
989,990,negative
990,991,negative
991,992,negative
992,993,negative
993,994,negative
994,995,negative
995,996,negative
996,997,negative
997,998,negative
998,999,negative
999,1000,negative
1000,1001,negative
1001,1002,negative
1002,1003,negative
1003,1004,negative
1004,1005,negative
1005,1006,negative
1006,1007,negative
1007,1008,negative
1008,1009,negative
1009,1010,negative
1010,1011,negative
1011,1012,negative
1012,1013,negative
1013,1014,negative
1014,1015,negative
1015,1016,negative
1016,1017,negative
1017,1018,negative
1018,1019,negative
1019,1020,negative
1020,1021,negative
1021,1022,negative
1022,1023,negative
1023,1024,negative
1024,1025,negative
1025,1026,negative
1026,1027,negative
1027,1028,negative
1028,1029,negative
1029,1030,negative
1030,1031,negative
1031,1032,negative
1032,1033,negative
1033,1034,negative
1034,1035,negative
1035,1036,negative
1036,1037,negative
1037,1038,negative
1038,1039,negative
1039,1040,negative
1040,1041,negative
1041,1042,negative
1042,1043,negative
1043,1044,negative
1044,1045,negative
1045,1046,negative
1046,1047,negative
1047,1048,negative
1048,1049,negative
1049,1050,negative
1050,1051,negative
1051,1052,negative
1052,1053,negative
1053,1054,negative
1054,1055,negative
1055,1056,negative
1056,1057,negative
1057,1058,negative
1058,1059,negative
1059,1060,negative
1060,1061,negative
1061,1062,negative
1062,1063,negative
1063,1064,negative
1064,1065,negative
1065,1066,negative
1066,1067,negative
1067,1068,negative
1068,1069,negative
1069,1070,negative
1070,1071,negative
1071,1072,negative
1072,1073,negative
1073,1074,negative
1074,1075,negative
1075,1076,negative
1076,1077,negative
1077,1078,negative
1078,1079,negative
1079,1080,negative
1080,1081,negative
1081,1082,negative
1082,1083,negative
1083,1084,negative
1084,1085,negative
1085,1086,negative
1086,1087,negative
1087,1088,negative
1088,1089,negative
1089,1090,negative
1090,1091,negative
1091,1092,negative
1092,1093,negative
1093,1094,negative
1094,1095,negative
1095,1096,negative
1096,1097,negative
1097,1098,negative
1098,1099,negative
1099,1100,negative
1100,1101,negative
1101,1102,negative
1102,1103,negative
1103,1104,negative
1104,1105,negative
1105,1106,negative
1106,1107,negative
1107,1108,negative
1108,1109,negative
1109,1110,negative
1110,1111,negative
1111,1112,negative
1112,1113,negative
1113,1114,negative
1114,1115,negative
1115,1116,negative
1116,1117,negative
1117,1118,negative
1118,1119,negative
1119,1120,negative
1120,1121,negative
1121,1122,negative
1122,1123,negative
1123,1124,negative
1124,1125,negative
1125,1126,negative
1126,1127,negative
1127,1128,negative
1128,1129,negative
1129,1130,negative
1130,1131,negative
1131,1132,negative
1132,1133,negative
1133,1134,negative
1134,1135,negative
1135,1136,negative
1136,1137,negative
1137,1138,negative
1138,1139,negative
1139,1140,negative
1140,1141,negative
1141,1142,negative
1142,1143,negative
1143,1144,negative
1144,1145,negative
1145,1146,negative
1146,1147,negative
1147,1148,negative
1148,1149,negative
1149,1150,negative
1150,1151,negative
1151,1152,negative
1152,1153,negative
1153,1154,negative
1154,1155,negative
1155,1156,negative
1156,1157,negative
1157,1158,negative
1158,1159,negative
1159,1160,negative
1160,1161,negative
1161,1162,negative
1162,1163,negative
1163,1164,negative
1164,1165,negative
1165,1166,negative
1166,1167,negative
1167,1168,negative
1168,1169,negative
1169,1170,negative
1170,1171,negative
1171,1172,negative
1172,1173,negative
1173,1174,negative
1174,1175,negative
1175,1176,negative
1176,1177,negative
1177,1178,negative
1178,1179,negative
1179,1180,negative
1180,1181,negative
1181,1182,negative
1182,1183,negative
1183,1184,negative
1184,1185,negative
1185,1186,negative
1186,1187,negative
1187,1188,negative
1188,1189,negative
1189,1190,negative
1190,1191,negative
1191,1192,negative
1192,1193,negative
1193,1194,negative
1194,1195,negative
1195,1196,negative
1196,1197,negative
1197,1198,negative
1198,1199,negative
1199,1200,negative
1200,1201,negative
1201,1202,negative
1202,1203,negative
1203,1204,negative
1204,1205,negative
1205,1206,negative
1206,1207,negative
1207,1208,negative
1208,1209,negative
1209,1210,negative
1210,1211,negative
1211,1212,negative
1212,1213,negative
1213,1214,negative
1214,1215,negative
1215,1216,negative
1216,1217,negative
1217,1218,negative
1218,1219,negative
1219,1220,negative
1220,1221,negative
1221,1222,negative
1222,1223,negative
1223,1224,negative
1224,1225,negative
1225,1226,negative
1226,1227,negative
1227,1228,negative
1228,1229,negative
1229,1230,negative
1230,1231,negative
1231,1232,negative
1232,1233,negative
1233,1234,negative
1234,1235,negative
1235,1236,negative
1236,1237,negative
1237,1238,negative
1238,1239,negative
1239,1240,negative
1240,1241,negative
1241,1242,negative
1242,1243,negative
1243,1244,negative
1244,1245,negative
1245,1246,negative
1246,1247,negative
1247,1248,negative
1248,1249,negative
1249,1250,negative
1250,1251,negative
1251,1252,negative
1252,1253,negative
1253,1254,negative
1254,1255,negative
1255,1256,negative
1256,1257,negative
1257,1258,negative
1258,1259,negative
1259,1260,negative
1260,1261,negative
1261,1262,negative
1262,1263,negative
1263,1264,negative
1264,1265,negative
1265,1266,negative
1266,1267,negative
1267,1268,negative
1268,1269,negative
1269,1270,negative
1270,1271,negative
1271,1272,negative
1272,1273,negative
1273,1274,negative
1274,1275,negative
1275,1276,negative
1276,1277,negative
1277,1278,negative
1278,1279,negative
1279,1280,negative
1280,1281,negative
1281,1282,negative
1282,1283,negative
1283,1284,negative
1284,1285,negative
1285,1286,negative
1286,1287,negative
1287,1288,negative
1288,1289,negative
1289,1290,negative
1290,1291,negative
1291,1292,negative
1292,1293,negative
1293,1294,negative
1294,1295,negative
1295,1296,negative
1296,1297,negative
1297,1298,negative
1298,1299,negative
1299,1300,negative
1300,1301,negative
1301,1302,negative
1302,1303,negative
1303,1304,negative
1304,1305,negative
1305,1306,negative
1306,1307,negative
1307,1308,negative
1308,1309,negative
1309,1310,negative
1310,1311,negative
1311,1312,negative
1312,1313,negative
1313,1314,negative
1314,1315,negative
1315,1316,negative
1316,1317,negative
1317,1318,negative
1318,1319,negative
1319,1320,negative
1320,1321,negative
1321,1322,negative
1322,1323,negative
1323,1324,negative
1324,1325,negative
1325,1326,negative
1326,1327,negative
1327,1328,negative
1328,1329,negative
1329,1330,negative
1330,1331,negative
1331,1332,negative
1332,1333,negative
1333,1334,negative
1334,1335,negative
1335,1336,negative
1336,1337,negative
1337,1338,negative
1338,1339,negative
1339,1340,negative
1340,1341,negative
1341,1342,negative
1342,1343,negative
1343,1344,negative
1344,1345,negative
1345,1346,negative
1346,1347,negative
1347,1348,negative
1348,1349,negative
1349,1350,negative
1350,1351,negative
1351,1352,negative
1352,1353,negative
1353,1354,negative
1354,1355,negative
1355,1356,negative
1356,1357,negative
1357,1358,negative
1358,1359,negative
1359,1360,negative
1360,1361,negative
1361,1362,negative
1362,1363,negative
1363,1364,negative
1364,1365,negative
1365,1366,negative
1366,1367,negative
1367,1368,negative
1368,1369,negative
1369,1370,negative
1370,1371,negative
1371,1372,negative
1372,1373,negative
1373,1374,negative
1374,1375,negative
1375,1376,negative
1376,1377,negative
1377,1378,negative
1378,1379,negative
1379,1380,negative
1380,1381,negative
1381,1382,negative
1382,1383,negative
1383,1384,negative
1384,1385,negative
1385,1386,negative
1386,1387,negative
1387,1388,negative
1388,1389,negative
1389,1390,negative
1390,1391,negative
1391,1392,negative
1392,1393,negative
1393,1394,negative
1394,1395,negative
1395,1396,negative
1396,1397,negative
1397,1398,negative
1398,1399,negative
1399,1400,negative
1400,1401,negative
1401,1402,negative
1402,1403,negative
1403,1404,negative
1404,1405,negative
1405,1406,negative
1406,1407,negative
1407,1408,negative
1408,1409,negative
1409,1410,negative
1410,1411,negative
1411,1412,negative
1412,1413,negative
1413,1414,negative
1414,1415,negative
1415,1416,negative
1416,1417,negative
1417,1418,negative
1418,1419,negative
1419,1420,negative
1420,1421,negative
1421,1422,negative
1422,1423,negative
1423,1424,negative
1424,1425,negative
1425,1426,negative
1426,1427,negative
1427,1428,negative
1428,1429,negative
1429,1430,negative
1430,1431,negative
1431,1432,negative
1432,1433,negative
1433,1434,negative
1434,1435,negative
1435,1436,negative
1436,1437,negative
1437,1438,negative
1438,1439,negative
1439,1440,negative
1440,1441,negative
1441,1442,negative
1442,1443,negative
1443,1444,negative
1444,1445,negative
1445,1446,negative
1446,1447,negative
1447,1448,negative
1448,1449,negative
1449,1450,negative
1450,1451,negative
1451,1452,negative
1452,1453,negative
1453,1454,negative
1454,1455,negative
1455,1456,negative
1456,1457,negative
1457,1458,negative
1458,1459,negative
1459,1460,negative
1460,1461,negative
1461,1462,negative
1462,1463,negative
1463,1464,negative
1464,1465,negative
1465,1466,negative
1466,1467,negative
1467,1468,negative
1468,1469,negative
1469,1470,negative
1470,1471,negative
1471,1472,negative
1472,1473,negative
1473,1474,negative
1474,1475,negative
1475,1476,negative
1476,1477,negative
1477,1478,negative
1478,1479,negative
1479,1480,negative
1480,1481,negative
1481,1482,negative
1482,1483,negative
1483,1484,negative
1484,1485,negative
1485,1486,negative
1486,1487,negative
1487,1488,negative
1488,1489,negative
1489,1490,negative
1490,1491,negative
1491,1492,negative
1492,1493,negative
1493,1494,negative
1494,1495,negative
1495,1496,negative
1496,1497,negative
1497,1498,negative
1498,1499,negative
1499,1500,negative
1500,1501,negative
1501,1502,negative
1502,1503,negative
1503,1504,negative
1504,1505,negative
1505,1506,negative
1506,1507,negative
1507,1508,negative
1508,1509,negative
1509,1510,negative
1510,1511,negative
1511,1512,negative
1512,1513,negative
1513,1514,negative
1514,1515,negative
1515,1516,negative
1516,1517,negative
1517,1518,negative
1518,1519,negative
1519,1520,negative
1520,1521,negative
1521,1522,negative
1522,1523,negative
1523,1524,negative
1524,1525,negative
1525,1526,negative
1526,1527,negative
1527,1528,negative
1528,1529,negative
1529,1530,negative
1530,1531,negative
1531,1532,negative
1532,1533,negative
1533,1534,negative
1534,1535,negative
1535,1536,negative
1536,1537,negative
1537,1538,negative
1538,1539,negative
1539,1540,negative
1540,1541,negative
1541,1542,negative
1542,1543,negative
1543,1544,negative
1544,1545,negative
1545,1546,negative
1546,1547,negative
1547,1548,negative
1548,1549,negative
1549,1550,negative
1550,1551,negative
1551,1552,negative
1552,1553,negative
1553,1554,negative
1554,1555,negative
1555,1556,negative
1556,1557,negative
1557,1558,negative
1558,1559,negative
1559,1560,negative
1560,1561,negative
1561,1562,negative
1562,1563,negative
1563,1564,negative
1564,1565,negative
1565,1566,negative
1566,1567,negative
1567,1568,negative
1568,1569,negative
1569,1570,negative
1570,1571,negative
1571,1572,negative
1572,1573,negative
1573,1574,negative
1574,1575,negative
1575,1576,negative
1576,1577,negative
1577,1578,negative
1578,1579,negative
1579,1580,negative
1580,1581,negative
1581,1582,negative
1582,1583,negative
1583,1584,negative
1584,1585,negative
1585,1586,negative
1586,1587,negative
1587,1588,negative
1588,1589,negative
1589,1590,negative
1590,1591,negative
1591,1592,negative
1592,1593,negative
1593,1594,negative
1594,1595,negative
1595,1596,negative
1596,1597,negative
1597,1598,negative
1598,1599,negative
1599,1600,negative
1600,1601,negative
1601,1602,negative
1602,1603,negative
1603,1604,negative
1604,1605,negative
1605,1606,negative
1606,1607,negative
1607,1608,negative
1608,1609,negative
1609,1610,negative
1610,1611,negative
1611,1612,negative
1612,1613,negative
1613,1614,negative
1614,1615,negative
1615,1616,negative
1616,1617,negative
1617,1618,negative
1618,1619,negative
1619,1620,negative
1620,1621,negative
1621,1622,negative
1622,1623,negative
1623,1624,negative
1624,1625,negative
1625,1626,negative
1626,1627,negative
1627,1628,negative
1628,1629,negative
1629,1630,negative
1630,1631,negative
1631,1632,negative
1632,1633,negative
1633,1634,negative
1634,1635,negative
1635,1636,negative
1636,1637,negative
1637,1638,negative
1638,1639,negative
1639,1640,negative
1640,1641,negative
1641,1642,negative
1642,1643,negative
1643,1644,negative
1644,1645,negative
1645,1646,negative
1646,1647,negative
1647,1648,negative
1648,1649,negative
1649,1650,negative
1650,1651,negative
1651,1652,negative
1652,1653,negative
1653,1654,negative
1654,1655,negative
1655,1656,negative
1656,1657,negative
1657,1658,negative
1658,1659,negative
1659,1660,negative
1660,1661,negative
1661,1662,negative
1662,1663,negative
1663,1664,negative
1664,1665,negative
1665,1666,negative
1666,1667,negative
1667,1668,negative
1668,1669,negative
1669,1670,negative
1670,1671,negative
1671,1672,negative
1672,1673,negative
1673,1674,negative
1674,1675,negative
1675,1676,negative
1676,1677,negative
1677,1678,negative
1678,1679,negative
1679,1680,negative
1680,1681,negative
1681,1682,negative
1682,1683,negative
1683,1684,negative
1684,1685,negative
1685,1686,negative
1686,1687,negative
1687,1688,negative
1688,1689,negative
1689,1690,negative
1690,1691,negative
1691,1692,negative
1692,1693,negative
1693,1694,negative
1694,1695,negative
1695,1696,negative
1696,1697,negative
1697,1698,negative
1698,1699,negative
1699,1700,negative
1700,1701,negative
1701,1702,negative
1702,1703,negative
1703,1704,negative
1704,1705,negative
1705,1706,negative
1706,1707,negative
1707,1708,negative
1708,1709,negative
1709,1710,negative
1710,1711,negative
1711,1712,negative
1712,1713,negative
1713,1714,negative
1714,1715,negative
1715,1716,negative
1716,1717,negative
1717,1718,negative
1718,1719,negative
1719,1720,negative
1720,1721,negative
1721,1722,negative
1722,1723,negative
1723,1724,negative
1724,1725,negative
1725,1726,negative
1726,1727,negative
1727,1728,negative
1728,1729,negative
1729,1730,negative
1730,1731,negative
1731,1732,negative
1732,1733,negative
1733,1734,negative
1734,1735,negative
1735,1736,negative
1736,1737,negative
1737,1738,negative
1738,1739,negative
1739,1740,negative
1740,1741,negative
1741,1742,negative
1742,1743,negative
1743,1744,negative
1744,1745,negative
1745,1746,negative
1746,1747,negative
1747,1748,negative
1748,1749,negative
1749,1750,negative
1750,1751,negative
1751,1752,negative
1752,1753,negative
1753,1754,negative
1754,1755,negative
1755,1756,negative
1756,1757,negative
1757,1758,negative
1758,1759,negative
1759,1760,negative
1760,1761,negative
1761,1762,negative
1762,1763,negative
1763,1764,negative
1764,1765,negative
1765,1766,negative
1766,1767,negative
1767,1768,negative
1768,1769,negative
1769,1770,negative
1770,1771,negative
1771,1772,negative
1772,1773,negative
1773,1774,negative
1774,1775,negative
1775,1776,negative
1776,1777,negative
1777,1778,negative
1778,1779,negative
1779,1780,negative
1780,1781,negative
1781,1782,negative
1782,1783,negative
1783,1784,negative
1784,1785,negative
1785,1786,negative
1786,1787,negative
1787,1788,negative
1788,1789,negative
1789,1790,negative
1790,1791,negative
1791,1792,negative
1792,1793,negative
1793,1794,negative
1794,1795,negative
1795,1796,negative
1796,1797,negative
1797,1798,negative
1798,1799,negative
1799,1800,negative
1800,1801,negative
1801,1802,negative
1802,1803,negative
1803,1804,negative
1804,1805,negative
1805,1806,negative
1806,1807,negative
1807,1808,negative
1808,1809,negative
1809,1810,negative
1810,1811,negative
1811,1812,negative
1812,1813,negative
1813,1814,negative
1814,1815,negative
1815,1816,negative
1816,1817,negative
1817,1818,negative
1818,1819,negative
1819,1820,negative
1820,1821,negative
1821,1822,negative
1822,1823,negative
1823,1824,negative
1824,1825,negative
1825,1826,negative
1826,1827,negative
1827,1828,negative
1828,1829,negative
1829,1830,negative
1830,1831,negative
1831,1832,negative
1832,1833,negative
1833,1834,negative
1834,1835,negative
1835,1836,negative
1836,1837,negative
1837,1838,negative
1838,1839,negative
1839,1840,negative
1840,1841,negative
1841,1842,negative
1842,1843,negative
1843,1844,negative
1844,1845,negative
1845,1846,negative
1846,1847,negative
1847,1848,negative
1848,1849,negative
1849,1850,negative
1850,1851,negative
1851,1852,negative
1852,1853,negative
1853,1854,negative
1854,1855,negative
1855,1856,negative
1856,1857,negative
1857,1858,negative
1858,1859,negative
1859,1860,negative
1860,1861,negative
1861,1862,negative
1862,1863,negative
1863,1864,negative
1864,1865,negative
1865,1866,negative
1866,1867,negative
1867,1868,negative
1868,1869,negative
1869,1870,negative
1870,1871,negative
1871,1872,negative
1872,1873,negative
1873,1874,negative
1874,1875,negative
1875,1876,negative
1876,1877,negative
1877,1878,negative
1878,1879,negative
1879,1880,negative
1880,1881,negative
1881,1882,negative
1882,1883,negative
1883,1884,negative
1884,1885,negative
1885,1886,negative
1886,1887,negative
1887,1888,negative
1888,1889,negative
1889,1890,negative
1890,1891,negative
1891,1892,negative
1892,1893,negative
1893,1894,negative
1894,1895,negative
1895,1896,negative
1896,1897,negative
1897,1898,negative
1898,1899,negative
1899,1900,negative
1900,1901,negative
1901,1902,negative
1902,1903,negative
1903,1904,negative
1904,1905,negative
1905,1906,negative
1906,1907,negative
1907,1908,negative
1908,1909,negative
1909,1910,negative
1910,1911,negative
1911,1912,negative
1912,1913,negative
1913,1914,negative
1914,1915,negative
1915,1916,negative
1916,1917,negative
1917,1918,negative
1918,1919,negative
1919,1920,negative
1920,1921,negative
1921,1922,negative
1922,1923,negative
1923,1924,negative
1924,1925,negative
1925,1926,negative
1926,1927,negative
1927,1928,negative
1928,1929,negative
1929,1930,negative
1930,1931,negative
1931,1932,negative
1932,1933,negative
1933,1934,negative
1934,1935,negative
1935,1936,negative
1936,1937,negative
1937,1938,negative
1938,1939,negative
1939,1940,negative
1940,1941,negative
1941,1942,negative
1942,1943,negative
1943,1944,negative
1944,1945,negative
1945,1946,negative
1946,1947,negative
1947,1948,negative
1948,1949,negative
1949,1950,negative
1950,1951,negative
1951,1952,negative
1952,1953,negative
1953,1954,negative
1954,1955,negative
1955,1956,negative
1956,1957,negative
1957,1958,negative
1958,1959,negative
1959,1960,negative
1960,1961,negative
1961,1962,negative
1962,1963,negative
1963,1964,negative
1964,1965,negative
1965,1966,negative
1966,1967,negative
1967,1968,negative
1968,1969,negative
1969,1970,negative
1970,1971,negative
1971,1972,negative
1972,1973,negative
1973,1974,negative
1974,1975,negative
1975,1976,negative
1976,1977,negative
1977,1978,negative
1978,1979,negative
1979,1980,negative
1980,1981,negative
1981,1982,negative
1982,1983,negative
1983,1984,negative
1984,1985,negative
1985,1986,negative
1986,1987,negative
1987,1988,negative
1988,1989,negative
1989,1990,negative
1990,1991,negative
1991,1992,negative
1992,1993,negative
1993,1994,negative
1994,1995,negative
1995,1996,negative
1996,1997,negative
1997,1998,negative
1998,1999,negative
1999,2000,negative
2000,2001,negative
2001,2002,negative
2002,2003,negative
2003,2004,negative
2004,2005,negative
2005,2006,negative
2006,2007,negative
2007,2008,negative
2008,2009,negative
2009,2010,negative
2010,2011,negative
2011,2012,negative
2012,2013,negative
2013,2014,negative
2014,2015,negative
2015,2016,negative
2016,2017,negative
2017,2018,negative
2018,2019,negative
2019,2020,negative
2020,2021,negative
2021,2022,negative
2022,2023,negative
2023,2024,negative
2024,2025,negative
2025,2026,negative
2026,2027,negative
2027,2028,negative
2028,2029,negative
2029,2030,negative
2030,2031,negative
2031,2032,negative
2032,2033,negative
2033,2034,negative
2034,2035,negative
2035,2036,negative
2036,2037,negative
2037,2038,negative
2038,2039,negative
2039,2040,negative
2040,2041,negative
2041,2042,negative
2042,2043,negative
2043,2044,negative
2044,2045,negative
2045,2046,negative
2046,2047,negative
2047,2048,negative
2048,2049,negative
2049,2050,negative
2050,2051,negative
2051,2052,negative
2052,2053,negative
2053,2054,negative
2054,2055,negative
2055,2056,negative
2056,2057,negative
2057,2058,negative
2058,2059,negative
2059,2060,negative
2060,2061,negative
2061,2062,negative
2062,2063,negative
2063,2064,negative
2064,2065,negative
2065,2066,negative
2066,2067,negative
2067,2068,negative
2068,2069,negative
2069,2070,negative
2070,2071,negative
2071,2072,negative
2072,2073,negative
2073,2074,negative
2074,2075,negative
2075,2076,negative
2076,2077,negative
2077,2078,negative
2078,2079,negative
2079,2080,negative
2080,2081,negative
2081,2082,negative
2082,2083,negative
2083,2084,negative
2084,2085,negative
2085,2086,negative
2086,2087,negative
2087,2088,negative
2088,2089,negative
2089,2090,negative
2090,2091,negative
2091,2092,negative
2092,2093,negative
2093,2094,negative
2094,2095,negative
2095,2096,negative
2096,2097,negative
2097,2098,negative
2098,2099,negative
2099,2100,negative
2100,2101,negative
2101,2102,negative
2102,2103,negative
2103,2104,negative
2104,2105,negative
2105,2106,negative
2106,2107,negative
2107,2108,negative
2108,2109,negative
2109,2110,negative
2110,2111,negative
2111,2112,negative
2112,2113,negative
2113,2114,negative
2114,2115,negative
2115,2116,negative
2116,2117,negative
2117,2118,negative
2118,2119,negative
2119,2120,negative
2120,2121,negative
2121,2122,negative
2122,2123,negative
2123,2124,negative
2124,2125,negative
2125,2126,negative
2126,2127,negative
2127,2128,negative
2128,2129,negative
2129,2130,negative
2130,2131,negative
2131,2132,negative
2132,2133,negative
2133,2134,negative
2134,2135,negative
2135,2136,negative
2136,2137,negative
2137,2138,negative
2138,2139,negative
2139,2140,negative
2140,2141,negative
2141,2142,negative
2142,2143,negative
2143,2144,negative
2144,2145,negative
2145,2146,negative
2146,2147,negative
2147,2148,negative
2148,2149,negative
2149,2150,negative
2150,2151,negative
2151,2152,negative
2152,2153,negative
2153,2154,negative
2154,2155,negative
2155,2156,negative
2156,2157,negative
2157,2158,negative
2158,2159,negative
2159,2160,negative
2160,2161,negative
2161,2162,negative
2162,2163,negative
2163,2164,negative
2164,2165,negative
2165,2166,negative
2166,2167,negative
2167,2168,negative
2168,2169,negative
2169,2170,negative
2170,2171,negative
2171,2172,negative
2172,2173,negative
2173,2174,negative
2174,2175,negative
2175,2176,negative
2176,2177,negative
2177,2178,negative
2178,2179,negative
2179,2180,negative
2180,2181,negative
2181,2182,negative
2182,2183,negative
2183,2184,negative
2184,2185,negative
2185,2186,negative
2186,2187,negative
2187,2188,negative
2188,2189,negative
2189,2190,negative
2190,2191,negative
2191,2192,negative
2192,2193,negative
2193,2194,negative
2194,2195,negative
2195,2196,negative
2196,2197,negative
2197,2198,negative
2198,2199,negative
2199,2200,negative
2200,2201,negative
2201,2202,negative
2202,2203,negative
2203,2204,negative
2204,2205,negative
2205,2206,negative
2206,2207,negative
2207,2208,negative
2208,2209,negative
2209,2210,negative
2210,2211,negative
2211,2212,negative
2212,2213,negative
2213,2214,negative
2214,2215,negative
2215,2216,negative
2216,2217,negative
2217,2218,negative
2218,2219,negative
2219,2220,negative
2220,2221,negative
2221,2222,negative
2222,2223,negative
2223,2224,negative
2224,2225,negative
2225,2226,negative
2226,2227,negative
2227,2228,negative
2228,2229,negative
2229,2230,negative
2230,2231,negative
2231,2232,negative
2232,2233,negative
2233,2234,negative
2234,2235,negative
2235,2236,negative
2236,2237,negative
2237,2238,negative
2238,2239,negative
2239,2240,negative
2240,2241,negative
2241,2242,negative
2242,2243,negative
2243,2244,negative
2244,2245,negative
2245,2246,negative
2246,2247,negative
2247,2248,negative
2248,2249,negative
2249,2250,negative
2250,2251,negative
2251,2252,negative
2252,2253,negative
2253,2254,negative
2254,2255,negative
2255,2256,negative
2256,2257,negative
2257,2258,negative
2258,2259,negative
2259,2260,negative
2260,2261,negative
2261,2262,negative
2262,2263,negative
2263,2264,negative
2264,2265,negative
2265,2266,negative
2266,2267,negative
2267,2268,negative
2268,2269,negative
2269,2270,negative
2270,2271,negative
2271,2272,negative
2272,2273,negative
2273,2274,negative
2274,2275,negative
2275,2276,negative
2276,2277,negative
2277,2278,negative
2278,2279,negative
2279,2280,negative
2280,2281,negative
2281,2282,negative
2282,2283,negative
2283,2284,negative
2284,2285,negative
2285,2286,negative
2286,2287,negative
2287,2288,negative
2288,2289,negative
2289,2290,negative
2290,2291,negative
2291,2292,negative
2292,2293,negative
2293,2294,negative
2294,2295,negative
2295,2296,negative
2296,2297,negative
2297,2298,negative
2298,2299,negative
2299,2300,negative
2300,2301,negative
2301,2302,negative
2302,2303,negative
2303,2304,negative
2304,2305,negative
2305,2306,negative
2306,2307,negative
2307,2308,negative
2308,2309,negative
2309,2310,negative
2310,2311,negative
2311,2312,negative
2312,2313,negative
2313,2314,negative
2314,2315,negative
2315,2316,negative
2316,2317,negative
2317,2318,negative
2318,2319,negative
2319,2320,negative
2320,2321,negative
2321,2322,negative
2322,2323,negative
2323,2324,negative
2324,2325,negative
2325,2326,negative
2326,2327,negative
2327,2328,negative
2328,2329,negative
2329,2330,negative
2330,2331,negative
2331,2332,negative
2332,2333,negative
2333,2334,negative
2334,2335,negative
2335,2336,negative
2336,2337,negative
2337,2338,negative
2338,2339,negative
2339,2340,negative
2340,2341,negative
2341,2342,negative
2342,2343,negative
2343,2344,negative
2344,2345,negative
2345,2346,negative
2346,2347,negative
2347,2348,negative
2348,2349,negative
2349,2350,negative
2350,2351,negative
2351,2352,negative
2352,2353,negative
2353,2354,negative
2354,2355,negative
2355,2356,negative
2356,2357,negative
2357,2358,negative
2358,2359,negative
2359,2360,negative
2360,2361,negative
2361,2362,negative
2362,2363,negative
2363,2364,negative
2364,2365,negative
2365,2366,negative
2366,2367,negative
2367,2368,negative
2368,2369,negative
2369,2370,negative
2370,2371,negative
2371,2372,negative
2372,2373,negative
2373,2374,negative
2374,2375,negative
2375,2376,negative
2376,2377,negative
2377,2378,negative
2378,2379,negative
2379,2380,negative
2380,2381,negative
2381,2382,negative
2382,2383,negative
2383,2384,negative
2384,2385,negative
2385,2386,negative
2386,2387,negative
2387,2388,negative
2388,2389,negative
2389,2390,negative
2390,2391,negative
2391,2392,negative
2392,2393,negative
2393,2394,negative
2394,2395,negative
2395,2396,negative
2396,2397,negative
2397,2398,negative
2398,2399,negative
2399,2400,negative
2400,2401,negative
2401,2402,negative
2402,2403,negative
2403,2404,negative
2404,2405,negative
2405,2406,negative
2406,2407,negative
2407,2408,negative
2408,2409,negative
2409,2410,negative
2410,2411,negative
2411,2412,negative
2412,2413,negative
2413,2414,negative
2414,2415,negative
2415,2416,negative
2416,2417,negative
2417,2418,negative
2418,2419,negative
2419,2420,negative
2420,2421,negative
2421,2422,negative
2422,2423,negative
2423,2424,negative
2424,2425,negative
2425,2426,negative
2426,2427,negative
2427,2428,negative
2428,2429,negative
2429,2430,negative
2430,2431,negative
2431,2432,negative
2432,2433,negative
2433,2434,negative
2434,2435,negative
2435,2436,negative
2436,2437,negative
2437,2438,negative
2438,2439,negative
2439,2440,negative
2440,2441,negative
2441,2442,negative
2442,2443,negative
2443,2444,negative
2444,2445,negative
2445,2446,negative
2446,2447,negative
2447,2448,negative
2448,2449,negative
2449,2450,negative
2450,2451,negative
2451,2452,negative
2452,2453,negative
2453,2454,negative
2454,2455,negative
2455,2456,negative
2456,2457,negative
2457,2458,negative
2458,2459,negative
2459,2460,negative
2460,2461,negative
2461,2462,negative
2462,2463,negative
2463,2464,negative
2464,2465,negative
2465,2466,negative
2466,2467,negative
2467,2468,negative
2468,2469,negative
2469,2470,negative
2470,2471,negative
2471,2472,negative
2472,2473,negative
2473,2474,negative
2474,2475,negative
2475,2476,negative
2476,2477,negative
2477,2478,negative
2478,2479,negative
2479,2480,negative
2480,2481,negative
2481,2482,negative
2482,2483,negative
2483,2484,negative
2484,2485,negative
2485,2486,negative
2486,2487,negative
2487,2488,negative
2488,2489,negative
2489,2490,negative
2490,2491,negative
2491,2492,negative
2492,2493,negative
2493,2494,negative
2494,2495,negative
2495,2496,negative
2496,2497,negative
2497,2498,negative
2498,2499,negative
2499,2500,negative
2500,2501,negative
2501,2502,negative
2502,2503,negative
2503,2504,negative
2504,2505,negative
2505,2506,negative
2506,2507,negative
2507,2508,negative
2508,2509,negative
2509,2510,negative
2510,2511,negative
2511,2512,negative
2512,2513,negative
2513,2514,negative
2514,2515,negative
2515,2516,negative
2516,2517,negative
2517,2518,negative
2518,2519,negative
2519,2520,negative
2520,2521,negative
2521,2522,negative
2522,2523,negative
2523,2524,negative
2524,2525,negative
2525,2526,negative
2526,2527,negative
2527,2528,negative
2528,2529,negative
2529,2530,negative
2530,2531,negative
2531,2532,negative
2532,2533,negative
2533,2534,negative
2534,2535,negative
2535,2536,negative
2536,2537,negative
2537,2538,negative
2538,2539,negative
2539,2540,negative
2540,2541,negative
2541,2542,negative
2542,2543,negative
2543,2544,negative
2544,2545,negative
2545,2546,negative
2546,2547,negative
2547,2548,negative
2548,2549,negative
2549,2550,negative
2550,2551,negative
2551,2552,negative
2552,2553,negative
2553,2554,negative
2554,2555,negative
2555,2556,negative
2556,2557,negative
2557,2558,negative
2558,2559,negative
2559,2560,negative
2560,2561,negative
2561,2562,negative
2562,2563,negative
2563,2564,negative
2564,2565,negative
2565,2566,negative
2566,2567,negative
2567,2568,negative
2568,2569,negative
2569,2570,negative
2570,2571,negative
2571,2572,negative
2572,2573,negative
2573,2574,negative
2574,2575,negative
2575,2576,negative
2576,2577,negative
2577,2578,negative
2578,2579,negative
2579,2580,negative
2580,2581,negative
2581,2582,negative
2582,2583,negative
2583,2584,negative
2584,2585,negative
2585,2586,negative
2586,2587,negative
2587,2588,negative
2588,2589,negative
2589,2590,negative
2590,2591,negative
2591,2592,negative
2592,2593,negative
2593,2594,negative
2594,2595,negative
2595,2596,negative
2596,2597,negative
2597,2598,negative
2598,2599,negative
2599,2600,negative
2600,2601,negative
2601,2602,negative
2602,2603,negative
2603,2604,negative
2604,2605,negative
2605,2606,negative
2606,2607,negative
2607,2608,negative
2608,2609,negative
2609,2610,negative
2610,2611,negative
2611,2612,negative
2612,2613,negative
2613,2614,negative
2614,2615,negative
2615,2616,negative
2616,2617,negative
2617,2618,negative
2618,2619,negative
2619,2620,negative
2620,2621,negative
2621,2622,negative
2622,2623,negative
2623,2624,negative
2624,2625,negative
2625,2626,negative
2626,2627,negative
2627,2628,negative
2628,2629,negative
2629,2630,negative
2630,2631,negative
2631,2632,negative
2632,2633,negative
2633,2634,negative
2634,2635,negative
2635,2636,negative
2636,2637,negative
2637,2638,negative
2638,2639,negative
2639,2640,negative
2640,2641,negative
2641,2642,negative
2642,2643,negative
2643,2644,negative
2644,2645,negative
2645,2646,negative
2646,2647,negative
2647,2648,negative
2648,2649,negative
2649,2650,negative
2650,2651,negative
2651,2652,negative
2652,2653,negative
2653,2654,negative
2654,2655,negative
2655,2656,negative
2656,2657,negative
2657,2658,negative
2658,2659,negative
2659,2660,negative
2660,2661,negative
2661,2662,negative
2662,2663,negative
2663,2664,negative
2664,2665,negative
2665,2666,negative
2666,2667,negative
2667,2668,negative
2668,2669,negative
2669,2670,negative
2670,2671,negative
2671,2672,negative
2672,2673,negative
2673,2674,negative
2674,2675,negative
2675,2676,negative
2676,2677,negative
2677,2678,negative
2678,2679,negative
2679,2680,negative
2680,2681,negative
2681,2682,negative
2682,2683,negative
2683,2684,negative
2684,2685,negative
2685,2686,negative
2686,2687,negative
2687,2688,negative
2688,2689,negative
2689,2690,negative
2690,2691,negative
2691,2692,negative
2692,2693,negative
2693,2694,negative
2694,2695,negative
2695,2696,negative
2696,2697,negative
2697,2698,negative
2698,2699,negative
2699,2700,negative
2700,2701,negative
2701,2702,negative
2702,2703,negative
2703,2704,negative
2704,2705,negative
2705,2706,negative
2706,2707,negative
2707,2708,negative
2708,2709,negative
2709,2710,negative
2710,2711,negative
2711,2712,negative
2712,2713,negative
2713,2714,negative
2714,2715,negative
2715,2716,negative
2716,2717,negative
2717,2718,negative
2718,2719,negative
2719,2720,negative
2720,2721,negative
2721,2722,negative
2722,2723,negative
2723,2724,negative
2724,2725,negative
2725,2726,negative
2726,2727,negative
2727,2728,negative
2728,2729,negative
2729,2730,negative
2730,2731,negative
2731,2732,negative
2732,2733,negative
2733,2734,negative
2734,2735,negative
2735,2736,negative
2736,2737,negative
2737,2738,negative
2738,2739,negative
2739,2740,negative
2740,2741,negative
2741,2742,negative
2742,2743,negative
2743,2744,negative
2744,2745,negative
2745,2746,negative
2746,2747,negative
2747,2748,negative
2748,2749,negative
2749,2750,negative
2750,2751,negative
2751,2752,negative
2752,2753,negative
2753,2754,negative
2754,2755,negative
2755,2756,negative
2756,2757,negative
2757,2758,negative
2758,2759,negative
2759,2760,negative
2760,2761,negative
2761,2762,negative
2762,2763,negative
2763,2764,negative
2764,2765,negative
2765,2766,negative
2766,2767,negative
2767,2768,negative
2768,2769,negative
2769,2770,negative
2770,2771,negative
2771,2772,negative
2772,2773,negative
2773,2774,negative
2774,2775,negative
2775,2776,negative
2776,2777,negative
2777,2778,negative
2778,2779,negative
2779,2780,negative
2780,2781,negative
2781,2782,negative
2782,2783,negative
2783,2784,negative
2784,2785,negative
2785,2786,negative
2786,2787,negative
2787,2788,negative
2788,2789,negative
2789,2790,negative
2790,2791,negative
2791,2792,negative
2792,2793,negative
2793,2794,negative
2794,2795,negative
2795,2796,negative
2796,2797,negative
2797,2798,negative
2798,2799,negative
2799,2800,negative
2800,2801,negative
2801,2802,negative
2802,2803,negative
2803,2804,negative
2804,2805,negative
2805,2806,negative
2806,2807,negative
2807,2808,negative
2808,2809,negative
2809,2810,negative
2810,2811,negative
2811,2812,negative
2812,2813,negative
2813,2814,negative
2814,2815,negative
2815,2816,negative
2816,2817,negative
2817,2818,negative
2818,2819,negative
2819,2820,negative
2820,2821,negative
2821,2822,negative
2822,2823,negative
2823,2824,negative
2824,2825,negative
2825,2826,negative
2826,2827,negative
2827,2828,negative
2828,2829,negative
2829,2830,negative
2830,2831,negative
2831,2832,negative
2832,2833,negative
2833,2834,negative
2834,2835,negative
2835,2836,negative
2836,2837,negative
2837,2838,negative
2838,2839,negative
2839,2840,negative
2840,2841,negative
2841,2842,negative
2842,2843,negative
2843,2844,negative
2844,2845,negative
2845,2846,negative
2846,2847,negative
2847,2848,negative
2848,2849,negative
2849,2850,negative
2850,2851,negative
2851,2852,negative
2852,2853,negative
2853,2854,negative
2854,2855,negative
2855,2856,negative
2856,2857,negative
2857,2858,negative
2858,2859,negative
2859,2860,negative
2860,2861,negative
2861,2862,negative
2862,2863,negative
2863,2864,negative
2864,2865,negative
2865,2866,negative
2866,2867,negative
2867,2868,negative
2868,2869,negative
2869,2870,negative
2870,2871,negative
2871,2872,negative
2872,2873,negative
2873,2874,negative
2874,2875,negative
2875,2876,negative
2876,2877,negative
2877,2878,negative
2878,2879,negative
2879,2880,negative
2880,2881,negative
2881,2882,negative
2882,2883,negative
2883,2884,negative
2884,2885,negative
2885,2886,negative
2886,2887,negative
2887,2888,negative
2888,2889,negative
2889,2890,negative
2890,2891,negative
2891,2892,negative
2892,2893,negative
2893,2894,negative
2894,2895,negative
2895,2896,negative
2896,2897,negative
2897,2898,negative
2898,2899,negative
2899,2900,negative
2900,2901,negative
2901,2902,negative
2902,2903,negative
2903,2904,negative
2904,2905,negative
2905,2906,negative
2906,2907,negative
2907,2908,negative
2908,2909,negative
2909,2910,negative
2910,2911,negative
2911,2912,negative
2912,2913,negative
2913,2914,negative
2914,2915,negative
2915,2916,negative
2916,2917,negative
2917,2918,negative
2918,2919,negative
2919,2920,negative
2920,2921,negative
2921,2922,negative
2922,2923,negative
2923,2924,negative
2924,2925,negative
2925,2926,negative
2926,2927,negative
2927,2928,negative
2928,2929,negative
2929,2930,negative
2930,2931,negative
2931,2932,negative
2932,2933,negative
2933,2934,negative
2934,2935,negative
2935,2936,negative
2936,2937,negative
2937,2938,negative
2938,2939,negative
2939,2940,negative
2940,2941,negative
2941,2942,negative
2942,2943,negative
2943,2944,negative
2944,2945,negative
2945,2946,negative
2946,2947,negative
2947,2948,negative
2948,2949,negative
2949,2950,negative
2950,2951,negative
2951,2952,negative
2952,2953,negative
2953,2954,negative
2954,2955,negative
2955,2956,negative
2956,2957,negative
2957,2958,negative
2958,2959,negative
2959,2960,negative
2960,2961,negative
2961,2962,negative
2962,2963,negative
2963,2964,negative
2964,2965,negative
2965,2966,negative
2966,2967,negative
2967,2968,negative
2968,2969,negative
2969,2970,negative
2970,2971,negative
2971,2972,negative
2972,2973,negative
2973,2974,negative
2974,2975,negative
2975,2976,negative
2976,2977,negative
2977,2978,negative
2978,2979,negative
2979,2980,negative
2980,2981,negative
2981,2982,negative
2982,2983,negative
2983,2984,negative
2984,2985,negative
2985,2986,negative
2986,2987,negative
2987,2988,negative
2988,2989,negative
2989,2990,negative
2990,2991,negative
2991,2992,negative
2992,2993,negative
2993,2994,negative
2994,2995,negative
2995,2996,negative
2996,2997,negative
2997,2998,negative
2998,2999,negative
2999,3000,negative
3000,3001,negative
3001,3002,negative
3002,3003,negative
3003,3004,negative
3004,3005,negative
3005,3006,negative
3006,3007,negative
3007,3008,negative
3008,3009,negative
3009,3010,negative
3010,3011,negative
3011,3012,negative
3012,3013,negative
3013,3014,negative
3014,3015,negative
3015,3016,negative
3016,3017,negative
3017,3018,negative
3018,3019,negative
3019,3020,negative
3020,3021,negative
3021,3022,negative
3022,3023,negative
3023,3024,negative
3024,3025,negative
3025,3026,negative
3026,3027,negative
3027,3028,negative
3028,3029,negative
3029,3030,negative
3030,3031,negative
3031,3032,negative
3032,3033,negative
3033,3034,negative
3034,3035,negative
3035,3036,negative
3036,3037,negative
3037,3038,negative
3038,3039,negative
3039,3040,negative
3040,3041,negative
3041,3042,negative
3042,3043,negative
3043,3044,negative
3044,3045,negative
3045,3046,negative
3046,3047,negative
3047,3048,negative
3048,3049,negative
3049,3050,negative
3050,3051,negative
3051,3052,negative
3052,3053,negative
3053,3054,negative
3054,3055,negative
3055,3056,negative
3056,3057,negative
3057,3058,negative
3058,3059,negative
3059,3060,negative
3060,3061,negative
3061,3062,negative
3062,3063,negative
3063,3064,negative
3064,3065,negative
3065,3066,negative
3066,3067,negative
3067,3068,negative
3068,3069,negative
3069,3070,negative
3070,3071,negative
3071,3072,negative
3072,3073,negative
3073,3074,negative
3074,3075,negative
3075,3076,negative
3076,3077,negative
3077,3078,negative
3078,3079,negative
3079,3080,negative
3080,3081,negative
3081,3082,negative
3082,3083,negative
3083,3084,negative
3084,3085,negative
3085,3086,negative
3086,3087,negative
3087,3088,negative
3088,3089,negative
3089,3090,negative
3090,3091,negative
3091,3092,negative
3092,3093,negative
3093,3094,negative
3094,3095,negative
3095,3096,negative
3096,3097,negative
3097,3098,negative
3098,3099,negative
3099,3100,negative
3100,3101,negative
3101,3102,negative
3102,3103,negative
3103,3104,negative
3104,3105,negative
3105,3106,negative
3106,3107,negative
3107,3108,negative
3108,3109,negative
3109,3110,negative
3110,3111,negative
3111,3112,negative
3112,3113,negative
3113,3114,negative
3114,3115,negative
3115,3116,negative
3116,3117,negative
3117,3118,negative
3118,3119,negative
3119,3120,negative
3120,3121,negative
3121,3122,negative
3122,3123,negative
3123,3124,negative
3124,3125,negative
3125,3126,negative
3126,3127,negative
3127,3128,negative
3128,3129,negative
3129,3130,negative
3130,3131,negative
3131,3132,negative
3132,3133,negative
3133,3134,negative
3134,3135,negative
3135,3136,negative
3136,3137,negative
3137,3138,negative
3138,3139,negative
3139,3140,negative
3140,3141,negative
3141,3142,negative
3142,3143,negative
3143,3144,negative
3144,3145,negative
3145,3146,negative
3146,3147,negative
3147,3148,negative
3148,3149,negative
3149,3150,negative
3150,3151,negative
3151,3152,negative
3152,3153,negative
3153,3154,negative
3154,3155,negative
3155,3156,negative
3156,3157,negative
3157,3158,negative
3158,3159,negative
3159,3160,negative
3160,3161,negative
3161,3162,negative
3162,3163,negative
3163,3164,negative
3164,3165,negative
3165,3166,negative
3166,3167,negative
3167,3168,negative
3168,3169,negative
3169,3170,negative
3170,3171,negative
3171,3172,negative
3172,3173,negative
3173,3174,negative
3174,3175,negative
3175,3176,negative
3176,3177,negative
3177,3178,negative
3178,3179,negative
3179,3180,negative
3180,3181,negative
3181,3182,negative
3182,3183,negative
3183,3184,negative
3184,3185,negative
3185,3186,negative
3186,3187,negative
3187,3188,negative
3188,3189,negative
3189,3190,negative
3190,3191,negative
3191,3192,negative
3192,3193,negative
3193,3194,negative
3194,3195,negative
3195,3196,negative
3196,3197,negative
3197,3198,negative
3198,3199,negative
3199,3200,negative
3200,3201,negative
3201,3202,negative
3202,3203,negative
3203,3204,negative
3204,3205,negative
3205,3206,negative
3206,3207,negative
3207,3208,negative
3208,3209,negative
3209,3210,negative
3210,3211,negative
3211,3212,negative
3212,3213,negative
3213,3214,negative
3214,3215,negative
3215,3216,negative
3216,3217,negative
3217,3218,negative
3218,3219,negative
3219,3220,negative
3220,3221,negative
3221,3222,negative
3222,3223,negative
3223,3224,negative
3224,3225,negative
3225,3226,negative
3226,3227,negative
3227,3228,negative
3228,3229,negative
3229,3230,negative
3230,3231,negative
3231,3232,negative
3232,3233,negative
3233,3234,negative
3234,3235,negative
3235,3236,negative
3236,3237,negative
3237,3238,negative
3238,3239,negative
3239,3240,negative
3240,3241,negative
3241,3242,negative
3242,3243,negative
3243,3244,negative
3244,3245,negative
3245,3246,negative
3246,3247,negative
3247,3248,negative
3248,3249,negative
3249,3250,negative
3250,3251,negative
3251,3252,negative
3252,3253,negative
3253,3254,negative
3254,3255,negative
3255,3256,negative
3256,3257,negative
3257,3258,negative
3258,3259,negative
3259,3260,negative
3260,3261,negative
3261,3262,negative
3262,3263,negative
3263,3264,negative
3264,3265,negative
3265,3266,negative
3266,3267,negative
3267,3268,negative
3268,3269,negative
3269,3270,negative
3270,3271,negative
3271,3272,negative
3272,3273,negative
3273,3274,negative
3274,3275,negative
3275,3276,negative
3276,3277,negative
3277,3278,negative
3278,3279,negative
3279,3280,negative
3280,3281,negative
3281,3282,negative
3282,3283,negative
3283,3284,negative
3284,3285,negative
3285,3286,negative
3286,3287,negative
3287,3288,negative
3288,3289,negative
3289,3290,negative
3290,3291,negative
3291,3292,negative
3292,3293,negative
3293,3294,negative
3294,3295,negative
3295,3296,negative
3296,3297,negative
3297,3298,negative
3298,3299,negative
3299,3300,negative
3300,3301,negative
3301,3302,negative
3302,3303,negative
3303,3304,negative
3304,3305,negative
3305,3306,negative
3306,3307,negative
3307,3308,negative
3308,3309,negative
3309,3310,negative
3310,3311,negative
3311,3312,negative
3312,3313,negative
3313,3314,negative
3314,3315,negative
3315,3316,negative
3316,3317,negative
3317,3318,negative
3318,3319,negative
3319,3320,negative
3320,3321,negative
3321,3322,negative
3322,3323,negative
3323,3324,negative
3324,3325,negative
3325,3326,negative
3326,3327,negative
3327,3328,negative
3328,3329,negative
3329,3330,negative
3330,3331,negative
3331,3332,negative
3332,3333,negative
3333,3334,negative
3334,3335,negative
3335,3336,negative
3336,3337,negative
3337,3338,negative
3338,3339,negative
3339,3340,negative
3340,3341,negative
3341,3342,negative
3342,3343,negative
3343,3344,negative
3344,3345,negative
3345,3346,negative
3346,3347,negative
3347,3348,negative
3348,3349,negative
3349,3350,negative
3350,3351,negative
3351,3352,negative
3352,3353,negative
3353,3354,negative
3354,3355,negative
3355,3356,negative
3356,3357,negative
3357,3358,negative
3358,3359,negative
3359,3360,negative
3360,3361,negative
3361,3362,negative
3362,3363,negative
3363,3364,negative
3364,3365,negative
3365,3366,negative
3366,3367,negative
3367,3368,negative
3368,3369,negative
3369,3370,negative
3370,3371,negative
3371,3372,negative
3372,3373,negative
3373,3374,negative
3374,3375,negative
3375,3376,negative
3376,3377,negative
3377,3378,negative
3378,3379,negative
3379,3380,negative
3380,3381,negative
3381,3382,negative
3382,3383,negative
3383,3384,negative
3384,3385,negative
3385,3386,negative
3386,3387,negative
3387,3388,negative
3388,3389,negative
3389,3390,negative
3390,3391,negative
3391,3392,negative
3392,3393,negative
3393,3394,negative
3394,3395,negative
3395,3396,negative
3396,3397,negative
3397,3398,negative
3398,3399,negative
3399,3400,negative
3400,3401,negative
3401,3402,negative
3402,3403,negative
3403,3404,negative
3404,3405,negative
3405,3406,negative
3406,3407,negative
3407,3408,negative
3408,3409,negative
3409,3410,negative
3410,3411,negative
3411,3412,negative
3412,3413,negative
3413,3414,negative
3414,3415,negative
3415,3416,negative
3416,3417,negative
3417,3418,negative
3418,3419,negative
3419,3420,negative
3420,3421,negative
3421,3422,negative
3422,3423,negative
3423,3424,negative
3424,3425,negative
3425,3426,negative
3426,3427,negative
3427,3428,negative
3428,3429,negative
3429,3430,negative
3430,3431,negative
3431,3432,negative
3432,3433,negative
3433,3434,negative
3434,3435,negative
3435,3436,negative
3436,3437,negative
3437,3438,negative
3438,3439,negative
3439,3440,negative
3440,3441,negative
3441,3442,negative
3442,3443,negative
3443,3444,negative
3444,3445,negative
3445,3446,negative
3446,3447,negative
3447,3448,negative
3448,3449,negative
3449,3450,negative
3450,3451,negative
3451,3452,negative
3452,3453,negative
3453,3454,negative
3454,3455,negative
3455,3456,negative
3456,3457,negative
3457,3458,negative
3458,3459,negative
3459,3460,negative
3460,3461,negative
3461,3462,negative
3462,3463,negative
3463,3464,negative
3464,3465,negative
3465,3466,negative
3466,3467,negative
3467,3468,negative
3468,3469,negative
3469,3470,negative
3470,3471,negative
3471,3472,negative
3472,3473,negative
3473,3474,negative
3474,3475,negative
3475,3476,negative
3476,3477,negative
3477,3478,negative
3478,3479,negative
3479,3480,negative
3480,3481,negative
3481,3482,negative
3482,3483,negative
3483,3484,negative
3484,3485,negative
3485,3486,negative
3486,3487,negative
3487,3488,negative
3488,3489,negative
3489,3490,negative
3490,3491,negative
3491,3492,negative
3492,3493,negative
3493,3494,negative
3494,3495,negative
3495,3496,negative
3496,3497,negative
3497,3498,negative
3498,3499,negative
3499,3500,negative
3500,3501,negative
3501,3502,negative
3502,3503,negative
3503,3504,negative
3504,3505,negative
3505,3506,negative
3506,3507,negative
3507,3508,negative
3508,3509,negative
3509,3510,negative
3510,3511,negative
3511,3512,negative
3512,3513,negative
3513,3514,negative
3514,3515,negative
3515,3516,negative
3516,3517,negative
3517,3518,negative
3518,3519,negative
3519,3520,negative
3520,3521,negative
3521,3522,negative
3522,3523,negative
3523,3524,negative
3524,3525,negative
3525,3526,negative
3526,3527,negative
3527,3528,negative
3528,3529,negative
3529,3530,negative
3530,3531,negative
3531,3532,negative
3532,3533,negative
3533,3534,negative
3534,3535,negative
3535,3536,negative
3536,3537,negative
3537,3538,negative
3538,3539,negative
3539,3540,negative
3540,3541,negative
3541,3542,negative
3542,3543,negative
3543,3544,negative
3544,3545,negative
3545,3546,negative
3546,3547,negative
3547,3548,negative
3548,3549,negative
3549,3550,negative
3550,3551,negative
3551,3552,negative
3552,3553,negative
3553,3554,negative
3554,3555,negative
3555,3556,negative
3556,3557,negative
3557,3558,negative
3558,3559,negative
3559,3560,negative
3560,3561,negative
3561,3562,negative
3562,3563,negative
3563,3564,negative
3564,3565,negative
3565,3566,negative
3566,3567,negative
3567,3568,negative
3568,3569,negative
3569,3570,negative
3570,3571,negative
3571,3572,negative
3572,3573,negative
3573,3574,negative
3574,3575,negative
3575,3576,negative
3576,3577,negative
3577,3578,negative
3578,3579,negative
3579,3580,negative
3580,3581,negative
3581,3582,negative
3582,3583,negative
3583,3584,negative
3584,3585,negative
3585,3586,negative
3586,3587,negative
3587,3588,negative
3588,3589,negative
3589,3590,negative
3590,3591,negative
3591,3592,negative
3592,3593,negative
3593,3594,negative
3594,3595,negative
3595,3596,negative
3596,3597,negative
3597,3598,negative
3598,3599,negative
3599,3600,negative
3600,3601,negative
3601,3602,negative
3602,3603,negative
3603,3604,negative
3604,3605,negative
3605,3606,negative
3606,3607,negative
3607,3608,negative
3608,3609,negative
3609,3610,negative
3610,3611,negative
3611,3612,negative
3612,3613,negative
3613,3614,negative
3614,3615,negative
3615,3616,negative
3616,3617,negative
3617,3618,negative
3618,3619,negative
3619,3620,negative
3620,3621,negative
3621,3622,negative
3622,3623,negative
3623,3624,negative
3624,3625,negative
3625,3626,negative
3626,3627,negative
3627,3628,negative
3628,3629,negative
3629,3630,negative
3630,3631,negative
3631,3632,negative
3632,3633,negative
3633,3634,negative
3634,3635,negative
3635,3636,negative
3636,3637,negative
3637,3638,negative
3638,3639,negative
3639,3640,negative
3640,3641,negative
3641,3642,negative
3642,3643,negative
3643,3644,negative
3644,3645,negative
3645,3646,negative
3646,3647,negative
3647,3648,negative
3648,3649,negative
3649,3650,negative
3650,3651,negative
3651,3652,negative
3652,3653,negative
3653,3654,negative
3654,3655,negative
3655,3656,negative
3656,3657,negative
3657,3658,negative
3658,3659,negative
