"index,0,positive"
"0,1,positive"
"1,2,positive"
"2,3,positive"
"3,4,positive"
"4,5,positive"
"5,6,positive"
"6,7,positive"
"7,8,positive"
"8,9,positive"
"9,10,positive"
"10,11,positive"
"11,12,positive"
"12,13,positive"
"13,14,positive"
"14,15,positive"
"15,16,positive"
"16,17,positive"
"17,18,positive"
"18,19,positive"
"19,20,positive"
"20,21,positive"
"21,22,positive"
"22,23,positive"
"23,24,positive"
"24,25,positive"
"25,26,positive"
"26,27,positive"
"27,28,positive"
"28,29,positive"
"29,30,positive"
"30,31,positive"
"31,32,positive"
"32,33,positive"
"33,34,positive"
"34,35,positive"
"35,36,positive"
"36,37,positive"
"37,38,positive"
"38,39,positive"
"39,40,positive"
"40,41,positive"
"41,42,positive"
"42,43,positive"
"43,44,positive"
"44,45,positive"
"45,46,positive"
"46,47,positive"
"47,48,positive"
"48,49,positive"
"49,50,positive"
"50,51,positive"
"51,52,positive"
"52,53,positive"
"53,54,positive"
"54,55,positive"
"55,56,positive"
"56,57,positive"
"57,58,positive"
"58,59,positive"
"59,60,positive"
"60,61,positive"
"61,62,positive"
"62,63,positive"
"63,64,positive"
"64,65,positive"
"65,66,positive"
"66,67,positive"
"67,68,positive"
"68,69,positive"
"69,70,positive"
"70,71,positive"
"71,72,positive"
"72,73,positive"
"73,74,positive"
"74,75,positive"
"75,76,positive"
"76,77,positive"
"77,78,positive"
"78,79,positive"
"79,80,positive"
"80,81,positive"
"81,82,positive"
"82,83,positive"
"83,84,positive"
"84,85,positive"
"85,86,positive"
"86,87,positive"
"87,88,positive"
"88,89,positive"
"89,90,positive"
"90,91,positive"
"91,92,positive"
"92,93,positive"
"93,94,positive"
"94,95,positive"
"95,96,positive"
"96,97,positive"
"97,98,positive"
"98,99,positive"
"99,100,positive"
"100,101,positive"
"101,102,positive"
"102,103,positive"
"103,104,positive"
"104,105,positive"
"105,106,positive"
"106,107,positive"
"107,108,positive"
"108,109,positive"
"109,110,positive"
"110,111,positive"
"111,112,positive"
"112,113,positive"
"113,114,positive"
"114,115,positive"
"115,116,positive"
"116,117,positive"
"117,118,positive"
"118,119,positive"
"119,120,positive"
"120,121,positive"
"121,122,positive"
"122,123,positive"
"123,124,positive"
"124,125,positive"
"125,126,positive"
"126,127,positive"
"127,128,positive"
"128,129,positive"
"129,130,positive"
"130,131,positive"
"131,132,positive"
"132,133,positive"
"133,134,positive"
"134,135,positive"
"135,136,positive"
"136,137,positive"
"137,138,positive"
"138,139,positive"
"139,140,positive"
"140,141,positive"
"141,142,positive"
"142,143,positive"
"143,144,positive"
"144,145,positive"
"145,146,positive"
"146,147,positive"
"147,148,positive"
"148,149,positive"
"149,150,positive"
"150,151,positive"
"151,152,positive"
"152,153,positive"
"153,154,positive"
"154,155,positive"
"155,156,positive"
"156,157,positive"
"157,158,positive"
"158,159,positive"
"159,160,positive"
"160,161,positive"
"161,162,positive"
"162,163,positive"
"163,164,positive"
"164,165,positive"
"165,166,positive"
"166,167,positive"
"167,168,positive"
"168,169,positive"
"169,170,positive"
"170,171,positive"
"171,172,positive"
"172,173,positive"
"173,174,positive"
"174,175,positive"
"175,176,positive"
"176,177,positive"
"177,178,positive"
"178,179,positive"
"179,180,positive"
"180,181,positive"
"181,182,positive"
"182,183,positive"
"183,184,positive"
"184,185,positive"
"185,186,positive"
"186,187,positive"
"187,188,positive"
"188,189,positive"
"189,190,positive"
"190,191,positive"
"191,192,positive"
"192,193,positive"
"193,194,positive"
"194,195,positive"
"195,196,positive"
"196,197,positive"
"197,198,positive"
"198,199,positive"
"199,200,positive"
"200,201,positive"
"201,202,positive"
"202,203,positive"
"203,204,positive"
"204,205,positive"
"205,206,positive"
"206,207,positive"
"207,208,positive"
"208,209,positive"
"209,210,positive"
"210,211,positive"
"211,212,positive"
"212,213,positive"
"213,214,positive"
"214,215,positive"
"215,216,positive"
"216,217,positive"
"217,218,positive"
"218,219,positive"
"219,220,positive"
"220,221,positive"
"221,222,positive"
"222,223,positive"
"223,224,positive"
"224,225,positive"
"225,226,positive"
"226,227,positive"
"227,228,positive"
"228,229,positive"
"229,230,positive"
"230,231,positive"
"231,232,positive"
"232,233,positive"
"233,234,positive"
"234,235,positive"
"235,236,positive"
"236,237,positive"
"237,238,positive"
"238,239,positive"
"239,240,positive"
"240,241,positive"
"241,242,positive"
"242,243,positive"
"243,244,positive"
"244,245,positive"
"245,246,positive"
"246,247,positive"
"247,248,positive"
"248,249,positive"
"249,250,positive"
"250,251,positive"
"251,252,positive"
"252,253,positive"
"253,254,positive"
"254,255,positive"
"255,256,positive"
"256,257,positive"
"257,258,positive"
"258,259,positive"
"259,260,positive"
"260,261,positive"
"261,262,positive"
"262,263,positive"
"263,264,positive"
"264,265,positive"
"265,266,positive"
"266,267,positive"
"267,268,positive"
"268,269,positive"
"269,270,positive"
"270,271,positive"
"271,272,positive"
"272,273,positive"
"273,274,positive"
"274,275,positive"
"275,276,positive"
"276,277,positive"
"277,278,positive"
"278,279,positive"
"279,280,positive"
"280,281,positive"
"281,282,positive"
"282,283,positive"
"283,284,positive"
"284,285,positive"
"285,286,positive"
"286,287,positive"
"287,288,positive"
"288,289,positive"
"289,290,positive"
"290,291,positive"
"291,292,positive"
"292,293,positive"
"293,294,positive"
"294,295,positive"
"295,296,positive"
"296,297,positive"
"297,298,positive"
"298,299,positive"
"299,300,positive"
"300,301,positive"
"301,302,positive"
"302,303,positive"
"303,304,positive"
"304,305,positive"
"305,306,positive"
"306,307,positive"
"307,308,positive"
"308,309,positive"
"309,310,positive"
"310,311,positive"
"311,312,positive"
"312,313,positive"
"313,314,positive"
"314,315,positive"
"315,316,positive"
"316,317,positive"
"317,318,positive"
"318,319,positive"
"319,320,positive"
"320,321,positive"
"321,322,positive"
"322,323,positive"
"323,324,positive"
"324,325,positive"
"325,326,positive"
"326,327,positive"
"327,328,positive"
"328,329,positive"
"329,330,positive"
"330,331,positive"
"331,332,positive"
"332,333,positive"
"333,334,positive"
"334,335,positive"
"335,336,positive"
"336,337,positive"
"337,338,positive"
"338,339,positive"
"339,340,positive"
"340,341,positive"
"341,342,positive"
"342,343,positive"
"343,344,positive"
"344,345,positive"
"345,346,positive"
"346,347,positive"
"347,348,positive"
"348,349,positive"
"349,350,positive"
"350,351,positive"
"351,352,positive"
"352,353,positive"
"353,354,positive"
"354,355,positive"
"355,356,positive"
"356,357,positive"
"357,358,positive"
"358,359,positive"
"359,360,positive"
"360,361,positive"
"361,362,positive"
"362,363,positive"
"363,364,positive"
"364,365,positive"
"365,366,positive"
"366,367,positive"
"367,368,positive"
"368,369,positive"
"369,370,positive"
"370,371,positive"
"371,372,positive"
"372,373,positive"
"373,374,positive"
"374,375,positive"
"375,376,positive"
"376,377,positive"
"377,378,positive"
"378,379,positive"
"379,380,positive"
"380,381,positive"
"381,382,positive"
"382,383,positive"
"383,384,positive"
"384,385,positive"
"385,386,positive"
"386,387,positive"
"387,388,positive"
"388,389,positive"
"389,390,positive"
"390,391,positive"
"391,392,positive"
"392,393,positive"
"393,394,positive"
"394,395,positive"
"395,396,positive"
"396,397,positive"
"397,398,positive"
"398,399,positive"
"399,400,positive"
"400,401,positive"
"401,402,positive"
"402,403,positive"
"403,404,positive"
"404,405,positive"
"405,406,positive"
"406,407,positive"
"407,408,positive"
"408,409,positive"
"409,410,positive"
"410,411,positive"
"411,412,positive"
"412,413,positive"
"413,414,positive"
"414,415,positive"
"415,416,positive"
"416,417,positive"
"417,418,positive"
"418,419,positive"
"419,420,positive"
"420,421,positive"
"421,422,positive"
"422,423,positive"
"423,424,positive"
"424,425,positive"
"425,426,positive"
"426,427,positive"
"427,428,positive"
"428,429,positive"
"429,430,positive"
"430,431,positive"
"431,432,positive"
"432,433,positive"
"433,434,positive"
"434,435,positive"
"435,436,positive"
"436,437,positive"
"437,438,positive"
"438,439,positive"
"439,440,positive"
"440,441,positive"
"441,442,positive"
"442,443,positive"
"443,444,positive"
"444,445,positive"
"445,446,positive"
"446,447,positive"
"447,448,positive"
"448,449,positive"
"449,450,positive"
"450,451,positive"
"451,452,positive"
"452,453,positive"
"453,454,positive"
"454,455,positive"
"455,456,positive"
"456,457,positive"
"457,458,positive"
"458,459,positive"
"459,460,positive"
"460,461,positive"
"461,462,positive"
"462,463,positive"
"463,464,positive"
"464,465,positive"
"465,466,positive"
"466,467,positive"
"467,468,positive"
"468,469,positive"
"469,470,positive"
"470,471,positive"
"471,472,positive"
"472,473,positive"
"473,474,positive"
"474,475,positive"
"475,476,positive"
"476,477,positive"
"477,478,positive"
"478,479,positive"
"479,480,positive"
"480,481,positive"
"481,482,positive"
"482,483,positive"
"483,484,positive"
"484,485,positive"
"485,486,positive"
"486,487,positive"
"487,488,positive"
"488,489,positive"
"489,490,positive"
"490,491,positive"
"491,492,positive"
"492,493,positive"
"493,494,positive"
"494,495,positive"
"495,496,positive"
"496,497,positive"
"497,498,positive"
"498,499,positive"
"499,500,positive"
"500,501,positive"
"501,502,positive"
"502,503,positive"
"503,504,positive"
"504,505,positive"
"505,506,positive"
"506,507,positive"
"507,508,positive"
"508,509,positive"
"509,510,positive"
"510,511,positive"
"511,512,positive"
"512,513,positive"
"513,514,positive"
"514,515,positive"
"515,516,positive"
"516,517,positive"
"517,518,positive"
"518,519,positive"
"519,520,positive"
"520,521,positive"
"521,522,positive"
"522,523,positive"
"523,524,positive"
"524,525,positive"
"525,526,positive"
"526,527,positive"
"527,528,positive"
"528,529,positive"
"529,530,positive"
"530,531,positive"
"531,532,positive"
"532,533,positive"
"533,534,positive"
"534,535,positive"
"535,536,positive"
"536,537,positive"
"537,538,positive"
"538,539,positive"
"539,540,positive"
"540,541,positive"
"541,542,positive"
"542,543,positive"
"543,544,positive"
"544,545,positive"
"545,546,positive"
"546,547,positive"
"547,548,positive"
"548,549,positive"
"549,550,positive"
"550,551,positive"
"551,552,positive"
"552,553,positive"
"553,554,positive"
"554,555,positive"
"555,556,positive"
"556,557,positive"
"557,558,positive"
"558,559,positive"
"559,560,positive"
"560,561,positive"
"561,562,positive"
"562,563,positive"
"563,564,positive"
"564,565,positive"
"565,566,positive"
"566,567,positive"
"567,568,positive"
"568,569,positive"
"569,570,positive"
"570,571,positive"
"571,572,positive"
"572,573,positive"
"573,574,positive"
"574,575,positive"
"575,576,positive"
"576,577,positive"
"577,578,positive"
"578,579,positive"
"579,580,positive"
"580,581,positive"
"581,582,positive"
"582,583,positive"
"583,584,positive"
"584,585,positive"
"585,586,positive"
"586,587,positive"
"587,588,positive"
"588,589,positive"
"589,590,positive"
"590,591,positive"
"591,592,positive"
"592,593,positive"
"593,594,positive"
"594,595,positive"
"595,596,positive"
"596,597,positive"
"597,598,positive"
"598,599,positive"
"599,600,positive"
"600,601,positive"
"601,602,positive"
"602,603,positive"
"603,604,positive"
"604,605,positive"
"605,606,positive"
"606,607,positive"
"607,608,positive"
"608,609,positive"
"609,610,positive"
"610,611,positive"
"611,612,positive"
"612,613,positive"
"613,614,positive"
"614,615,positive"
"615,616,positive"
"616,617,positive"
"617,618,positive"
"618,619,positive"
"619,620,positive"
"620,621,positive"
"621,622,positive"
"622,623,positive"
"623,624,positive"
"624,625,positive"
"625,626,positive"
"626,627,positive"
"627,628,positive"
"628,629,positive"
"629,630,positive"
"630,631,positive"
"631,632,positive"
"632,633,positive"
"633,634,positive"
"634,635,positive"
"635,636,positive"
"636,637,positive"
"637,638,positive"
"638,639,positive"
"639,640,positive"
"640,641,positive"
"641,642,positive"
"642,643,positive"
"643,644,positive"
"644,645,positive"
"645,646,positive"
"646,647,positive"
"647,648,positive"
"648,649,positive"
"649,650,positive"
"650,651,positive"
"651,652,positive"
"652,653,positive"
"653,654,positive"
"654,655,positive"
"655,656,positive"
"656,657,positive"
"657,658,positive"
"658,659,positive"
"659,660,positive"
"660,661,positive"
"661,662,positive"
"662,663,positive"
"663,664,positive"
"664,665,positive"
"665,666,positive"
"666,667,positive"
"667,668,positive"
"668,669,positive"
"669,670,positive"
"670,671,positive"
"671,672,positive"
"672,673,positive"
"673,674,positive"
"674,675,positive"
"675,676,positive"
"676,677,positive"
"677,678,positive"
"678,679,positive"
"679,680,positive"
"680,681,positive"
"681,682,positive"
"682,683,positive"
"683,684,positive"
"684,685,positive"
"685,686,positive"
"686,687,positive"
"687,688,positive"
"688,689,positive"
"689,690,positive"
"690,691,positive"
"691,692,positive"
"692,693,positive"
"693,694,positive"
"694,695,positive"
"695,696,positive"
"696,697,positive"
"697,698,positive"
"698,699,positive"
"699,700,positive"
"700,701,positive"
"701,702,positive"
"702,703,positive"
"703,704,positive"
"704,705,positive"
"705,706,positive"
"706,707,positive"
"707,708,positive"
"708,709,positive"
"709,710,positive"
"710,711,positive"
"711,712,positive"
"712,713,positive"
"713,714,positive"
"714,715,positive"
"715,716,positive"
"716,717,positive"
"717,718,positive"
"718,719,positive"
"719,720,positive"
"720,721,positive"
"721,722,positive"
"722,723,positive"
"723,724,positive"
"724,725,positive"
"725,726,positive"
"726,727,positive"
"727,728,positive"
"728,729,positive"
"729,730,positive"
"730,731,positive"
"731,732,positive"
"732,733,positive"
"733,734,positive"
"734,735,positive"
"735,736,positive"
"736,737,positive"
"737,738,positive"
"738,739,positive"
"739,740,positive"
"740,741,positive"
"741,742,positive"
"742,743,positive"
"743,744,positive"
"744,745,positive"
"745,746,positive"
"746,747,positive"
"747,748,positive"
"748,749,positive"
"749,750,positive"
"750,751,positive"
"751,752,positive"
"752,753,positive"
"753,754,positive"
"754,755,positive"
"755,756,positive"
"756,757,positive"
"757,758,positive"
"758,759,positive"
"759,760,positive"
"760,761,positive"
"761,762,positive"
"762,763,positive"
"763,764,positive"
"764,765,positive"
"765,766,positive"
"766,767,positive"
"767,768,positive"
"768,769,positive"
"769,770,positive"
"770,771,positive"
"771,772,positive"
"772,773,positive"
"773,774,positive"
"774,775,positive"
"775,776,positive"
"776,777,positive"
"777,778,positive"
"778,779,positive"
"779,780,positive"
"780,781,positive"
"781,782,positive"
"782,783,positive"
"783,784,positive"
"784,785,positive"
"785,786,positive"
"786,787,positive"
"787,788,positive"
"788,789,positive"
"789,790,positive"
"790,791,positive"
"791,792,positive"
"792,793,positive"
"793,794,positive"
"794,795,positive"
"795,796,positive"
"796,797,positive"
"797,798,positive"
"798,799,positive"
"799,800,positive"
"800,801,positive"
"801,802,positive"
"802,803,positive"
"803,804,positive"
"804,805,positive"
"805,806,positive"
"806,807,positive"
"807,808,positive"
"808,809,positive"
"809,810,positive"
"810,811,positive"
"811,812,positive"
"812,813,positive"
"813,814,positive"
"814,815,positive"
"815,816,positive"
"816,817,positive"
"817,818,positive"
"818,819,positive"
"819,820,positive"
"820,821,positive"
"821,822,positive"
"822,823,positive"
"823,824,positive"
"824,825,positive"
"825,826,positive"
"826,827,positive"
"827,828,positive"
"828,829,positive"
"829,830,positive"
"830,831,positive"
"831,832,positive"
"832,833,positive"
"833,834,positive"
"834,835,positive"
"835,836,positive"
"836,837,positive"
"837,838,positive"
"838,839,positive"
"839,840,positive"
"840,841,positive"
"841,842,positive"
"842,843,positive"
"843,844,positive"
"844,845,positive"
"845,846,positive"
"846,847,positive"
"847,848,positive"
"848,849,positive"
"849,850,positive"
"850,851,positive"
"851,852,positive"
"852,853,positive"
"853,854,positive"
"854,855,positive"
"855,856,positive"
"856,857,positive"
"857,858,positive"
"858,859,positive"
"859,860,positive"
"860,861,positive"
"861,862,positive"
"862,863,positive"
"863,864,positive"
"864,865,positive"
"865,866,positive"
"866,867,positive"
"867,868,positive"
"868,869,positive"
"869,870,positive"
"870,871,positive"
"871,872,positive"
"872,873,positive"
"873,874,positive"
"874,875,positive"
"875,876,positive"
"876,877,positive"
"877,878,positive"
"878,879,positive"
"879,880,positive"
"880,881,positive"
"881,882,positive"
"882,883,positive"
"883,884,positive"
"884,885,positive"
"885,886,positive"
"886,887,positive"
"887,888,positive"
"888,889,positive"
"889,890,positive"
"890,891,positive"
"891,892,positive"
"892,893,positive"
"893,894,positive"
"894,895,positive"
"895,896,positive"
"896,897,positive"
"897,898,positive"
"898,899,positive"
"899,900,positive"
"900,901,positive"
"901,902,positive"
"902,903,positive"
"903,904,positive"
"904,905,positive"
"905,906,positive"
"906,907,positive"
"907,908,positive"
"908,909,positive"
"909,910,positive"
"910,911,positive"
"911,912,positive"
"912,913,positive"
"913,914,positive"
"914,915,positive"
"915,916,positive"
"916,917,positive"
"917,918,positive"
"918,919,positive"
"919,920,positive"
"920,921,positive"
"921,922,positive"
"922,923,positive"
"923,924,positive"
"924,925,positive"
"925,926,positive"
"926,927,positive"
"927,928,positive"
"928,929,positive"
"929,930,positive"
"930,931,positive"
"931,932,positive"
"932,933,positive"
"933,934,positive"
"934,935,positive"
"935,936,positive"
"936,937,positive"
"937,938,positive"
"938,939,positive"
"939,940,positive"
"940,941,positive"
"941,942,positive"
"942,943,positive"
"943,944,positive"
"944,945,positive"
"945,946,positive"
"946,947,positive"
"947,948,positive"
"948,949,positive"
"949,950,positive"
"950,951,positive"
"951,952,positive"
"952,953,positive"
"953,954,positive"
"954,955,positive"
"955,956,positive"
"956,957,positive"
"957,958,positive"
"958,959,positive"
"959,960,positive"
"960,961,positive"
"961,962,positive"
"962,963,positive"
"963,964,positive"
"964,965,positive"
"965,966,positive"
"966,967,positive"
"967,968,positive"
"968,969,positive"
"969,970,positive"
"970,971,positive"
"971,972,positive"
"972,973,positive"
"973,974,positive"
"974,975,positive"
"975,976,positive"
"976,977,positive"
"977,978,positive"
"978,979,positive"
"979,980,positive"
"980,981,positive"
"981,982,positive"
"982,983,positive"
"983,984,positive"
"984,985,positive"
"985,986,positive"
"986,987,positive"
"987,988,positive"
"988,989,positive"
"989,990,positive"
"990,991,positive"
"991,992,positive"
"992,993,positive"
"993,994,positive"
"994,995,positive"
"995,996,positive"
"996,997,positive"
"997,998,positive"
"998,999,positive"
"999,1000,positive"
"1000,1001,positive"
"1001,1002,positive"
"1002,1003,positive"
"1003,1004,positive"
"1004,1005,positive"
"1005,1006,positive"
"1006,1007,positive"
"1007,1008,positive"
"1008,1009,positive"
"1009,1010,positive"
"1010,1011,positive"
"1011,1012,positive"
"1012,1013,positive"
"1013,1014,positive"
"1014,1015,positive"
"1015,1016,positive"
"1016,1017,positive"
"1017,1018,positive"
"1018,1019,positive"
"1019,1020,positive"
"1020,1021,positive"
"1021,1022,positive"
"1022,1023,positive"
"1023,1024,positive"
"1024,1025,positive"
"1025,1026,positive"
"1026,1027,positive"
"1027,1028,positive"
"1028,1029,positive"
"1029,1030,positive"
"1030,1031,positive"
"1031,1032,positive"
"1032,1033,positive"
"1033,1034,positive"
"1034,1035,positive"
"1035,1036,positive"
"1036,1037,positive"
"1037,1038,positive"
"1038,1039,positive"
"1039,1040,positive"
"1040,1041,positive"
"1041,1042,positive"
"1042,1043,positive"
"1043,1044,positive"
"1044,1045,positive"
"1045,1046,positive"
"1046,1047,positive"
"1047,1048,positive"
"1048,1049,positive"
"1049,1050,positive"
"1050,1051,positive"
"1051,1052,positive"
"1052,1053,positive"
"1053,1054,positive"
"1054,1055,positive"
"1055,1056,positive"
"1056,1057,positive"
"1057,1058,positive"
"1058,1059,positive"
"1059,1060,positive"
"1060,1061,positive"
"1061,1062,positive"
"1062,1063,positive"
"1063,1064,positive"
"1064,1065,positive"
"1065,1066,positive"
"1066,1067,positive"
"1067,1068,positive"
"1068,1069,positive"
"1069,1070,positive"
"1070,1071,positive"
"1071,1072,positive"
"1072,1073,positive"
"1073,1074,positive"
"1074,1075,positive"
"1075,1076,positive"
"1076,1077,positive"
"1077,1078,positive"
"1078,1079,positive"
"1079,1080,positive"
"1080,1081,positive"
"1081,1082,positive"
"1082,1083,positive"
"1083,1084,positive"
"1084,1085,positive"
"1085,1086,positive"
"1086,1087,positive"
"1087,1088,positive"
"1088,1089,positive"
"1089,1090,positive"
"1090,1091,positive"
"1091,1092,positive"
"1092,1093,positive"
"1093,1094,positive"
"1094,1095,positive"
"1095,1096,positive"
"1096,1097,positive"
"1097,1098,positive"
"1098,1099,positive"
"1099,1100,positive"
"1100,1101,positive"
"1101,1102,positive"
"1102,1103,positive"
"1103,1104,positive"
"1104,1105,positive"
"1105,1106,positive"
"1106,1107,positive"
"1107,1108,positive"
"1108,1109,positive"
"1109,1110,positive"
"1110,1111,positive"
"1111,1112,positive"
"1112,1113,positive"
"1113,1114,positive"
"1114,1115,positive"
"1115,1116,positive"
"1116,1117,positive"
"1117,1118,positive"
"1118,1119,positive"
"1119,1120,positive"
"1120,1121,positive"
"1121,1122,positive"
"1122,1123,positive"
"1123,1124,positive"
"1124,1125,positive"
"1125,1126,positive"
"1126,1127,positive"
"1127,1128,positive"
"1128,1129,positive"
"1129,1130,positive"
"1130,1131,positive"
"1131,1132,positive"
"1132,1133,positive"
"1133,1134,positive"
"1134,1135,positive"
"1135,1136,positive"
"1136,1137,positive"
"1137,1138,positive"
"1138,1139,positive"
"1139,1140,positive"
"1140,1141,positive"
"1141,1142,positive"
"1142,1143,positive"
"1143,1144,positive"
"1144,1145,positive"
"1145,1146,positive"
"1146,1147,positive"
"1147,1148,positive"
"1148,1149,positive"
"1149,1150,positive"
"1150,1151,positive"
"1151,1152,positive"
"1152,1153,positive"
"1153,1154,positive"
"1154,1155,positive"
"1155,1156,positive"
"1156,1157,positive"
"1157,1158,positive"
"1158,1159,positive"
"1159,1160,positive"
"1160,1161,positive"
"1161,1162,positive"
"1162,1163,positive"
"1163,1164,positive"
"1164,1165,positive"
"1165,1166,positive"
"1166,1167,positive"
"1167,1168,positive"
"1168,1169,positive"
"1169,1170,positive"
"1170,1171,positive"
"1171,1172,positive"
"1172,1173,positive"
"1173,1174,positive"
"1174,1175,positive"
"1175,1176,positive"
"1176,1177,positive"
"1177,1178,positive"
"1178,1179,positive"
"1179,1180,positive"
"1180,1181,positive"
"1181,1182,positive"
"1182,1183,positive"
"1183,1184,positive"
"1184,1185,positive"
"1185,1186,positive"
"1186,1187,positive"
"1187,1188,positive"
"1188,1189,positive"
"1189,1190,positive"
"1190,1191,positive"
"1191,1192,positive"
"1192,1193,positive"
"1193,1194,positive"
"1194,1195,positive"
"1195,1196,positive"
"1196,1197,positive"
"1197,1198,positive"
"1198,1199,positive"
"1199,1200,positive"
"1200,1201,positive"
"1201,1202,positive"
"1202,1203,positive"
"1203,1204,positive"
"1204,1205,positive"
"1205,1206,positive"
"1206,1207,positive"
"1207,1208,positive"
"1208,1209,positive"
"1209,1210,positive"
"1210,1211,positive"
"1211,1212,positive"
"1212,1213,positive"
"1213,1214,positive"
"1214,1215,positive"
"1215,1216,positive"
"1216,1217,positive"
"1217,1218,positive"
"1218,1219,positive"
"1219,1220,positive"
"1220,1221,positive"
"1221,1222,positive"
"1222,1223,positive"
"1223,1224,positive"
"1224,1225,positive"
"1225,1226,positive"
"1226,1227,positive"
"1227,1228,positive"
"1228,1229,positive"
"1229,1230,positive"
"1230,1231,positive"
"1231,1232,positive"
"1232,1233,positive"
"1233,1234,positive"
"1234,1235,positive"
"1235,1236,positive"
"1236,1237,positive"
"1237,1238,positive"
"1238,1239,positive"
"1239,1240,positive"
"1240,1241,positive"
"1241,1242,positive"
"1242,1243,positive"
"1243,1244,positive"
"1244,1245,positive"
"1245,1246,positive"
"1246,1247,positive"
"1247,1248,positive"
"1248,1249,positive"
"1249,1250,positive"
"1250,1251,positive"
"1251,1252,positive"
"1252,1253,positive"
"1253,1254,positive"
"1254,1255,positive"
"1255,1256,positive"
"1256,1257,positive"
"1257,1258,positive"
"1258,1259,positive"
"1259,1260,positive"
"1260,1261,positive"
"1261,1262,positive"
"1262,1263,positive"
"1263,1264,positive"
"1264,1265,positive"
"1265,1266,positive"
"1266,1267,positive"
"1267,1268,positive"
"1268,1269,positive"
"1269,1270,positive"
"1270,1271,positive"
"1271,1272,positive"
"1272,1273,positive"
"1273,1274,positive"
"1274,1275,positive"
"1275,1276,positive"
"1276,1277,positive"
"1277,1278,positive"
"1278,1279,positive"
"1279,1280,positive"
"1280,1281,positive"
"1281,1282,positive"
"1282,1283,positive"
"1283,1284,positive"
"1284,1285,positive"
"1285,1286,positive"
"1286,1287,positive"
"1287,1288,positive"
"1288,1289,positive"
"1289,1290,positive"
"1290,1291,positive"
"1291,1292,positive"
"1292,1293,positive"
"1293,1294,positive"
"1294,1295,positive"
"1295,1296,positive"
"1296,1297,positive"
"1297,1298,positive"
"1298,1299,positive"
"1299,1300,positive"
"1300,1301,positive"
"1301,1302,positive"
"1302,1303,positive"
"1303,1304,positive"
"1304,1305,positive"
"1305,1306,positive"
"1306,1307,positive"
"1307,1308,positive"
"1308,1309,positive"
"1309,1310,positive"
"1310,1311,positive"
"1311,1312,positive"
"1312,1313,positive"
"1313,1314,positive"
"1314,1315,positive"
"1315,1316,positive"
"1316,1317,positive"
"1317,1318,positive"
"1318,1319,positive"
"1319,1320,positive"
"1320,1321,positive"
"1321,1322,positive"
"1322,1323,positive"
"1323,1324,positive"
"1324,1325,positive"
"1325,1326,positive"
"1326,1327,positive"
"1327,1328,positive"
"1328,1329,positive"
"1329,1330,positive"
"1330,1331,positive"
"1331,1332,positive"
"1332,1333,positive"
"1333,1334,positive"
"1334,1335,positive"
"1335,1336,positive"
"1336,1337,positive"
"1337,1338,positive"
"1338,1339,positive"
"1339,1340,positive"
"1340,1341,positive"
"1341,1342,positive"
"1342,1343,positive"
"1343,1344,positive"
"1344,1345,positive"
"1345,1346,positive"
"1346,1347,positive"
"1347,1348,positive"
"1348,1349,positive"
"1349,1350,positive"
"1350,1351,positive"
"1351,1352,positive"
"1352,1353,positive"
"1353,1354,positive"
"1354,1355,positive"
"1355,1356,positive"
"1356,1357,positive"
"1357,1358,positive"
"1358,1359,positive"
"1359,1360,positive"
"1360,1361,positive"
"1361,1362,positive"
"1362,1363,positive"
"1363,1364,positive"
"1364,1365,positive"
"1365,1366,positive"
"1366,1367,positive"
"1367,1368,positive"
"1368,1369,positive"
"1369,1370,positive"
"1370,1371,positive"
"1371,1372,positive"
"1372,1373,positive"
"1373,1374,positive"
"1374,1375,positive"
"1375,1376,positive"
"1376,1377,positive"
"1377,1378,positive"
"1378,1379,positive"
"1379,1380,positive"
"1380,1381,positive"
"1381,1382,positive"
"1382,1383,positive"
"1383,1384,positive"
"1384,1385,positive"
"1385,1386,positive"
"1386,1387,positive"
"1387,1388,positive"
"1388,1389,positive"
"1389,1390,positive"
"1390,1391,positive"
"1391,1392,positive"
"1392,1393,positive"
"1393,1394,positive"
"1394,1395,positive"
"1395,1396,positive"
"1396,1397,positive"
"1397,1398,positive"
"1398,1399,positive"
"1399,1400,positive"
"1400,1401,positive"
"1401,1402,positive"
"1402,1403,positive"
"1403,1404,positive"
"1404,1405,positive"
"1405,1406,positive"
"1406,1407,positive"
"1407,1408,positive"
"1408,1409,positive"
"1409,1410,positive"
"1410,1411,positive"
"1411,1412,positive"
"1412,1413,positive"
"1413,1414,positive"
"1414,1415,positive"
"1415,1416,positive"
"1416,1417,positive"
"1417,1418,positive"
"1418,1419,positive"
"1419,1420,positive"
"1420,1421,positive"
"1421,1422,positive"
"1422,1423,positive"
"1423,1424,positive"
"1424,1425,positive"
"1425,1426,positive"
"1426,1427,positive"
"1427,1428,positive"
"1428,1429,positive"
"1429,1430,positive"
"1430,1431,positive"
"1431,1432,positive"
"1432,1433,positive"
"1433,1434,positive"
"1434,1435,positive"
"1435,1436,positive"
"1436,1437,positive"
"1437,1438,positive"
"1438,1439,positive"
"1439,1440,positive"
"1440,1441,positive"
"1441,1442,positive"
"1442,1443,positive"
"1443,1444,positive"
"1444,1445,positive"
"1445,1446,positive"
"1446,1447,positive"
"1447,1448,positive"
"1448,1449,positive"
"1449,1450,positive"
"1450,1451,positive"
"1451,1452,positive"
"1452,1453,positive"
"1453,1454,positive"
"1454,1455,positive"
"1455,1456,positive"
"1456,1457,positive"
"1457,1458,positive"
"1458,1459,positive"
"1459,1460,positive"
"1460,1461,positive"
"1461,1462,positive"
"1462,1463,positive"
"1463,1464,positive"
"1464,1465,positive"
"1465,1466,positive"
"1466,1467,positive"
"1467,1468,positive"
"1468,1469,positive"
"1469,1470,positive"
"1470,1471,positive"
"1471,1472,positive"
"1472,1473,positive"
"1473,1474,positive"
"1474,1475,positive"
"1475,1476,positive"
"1476,1477,positive"
"1477,1478,positive"
"1478,1479,positive"
"1479,1480,positive"
"1480,1481,positive"
"1481,1482,positive"
"1482,1483,positive"
"1483,1484,positive"
"1484,1485,positive"
"1485,1486,positive"
"1486,1487,positive"
"1487,1488,positive"
"1488,1489,positive"
"1489,1490,positive"
"1490,1491,positive"
"1491,1492,positive"
"1492,1493,positive"
"1493,1494,positive"
"1494,1495,positive"
"1495,1496,positive"
"1496,1497,positive"
"1497,1498,positive"
"1498,1499,positive"
"1499,1500,positive"
"1500,1501,positive"
"1501,1502,positive"
"1502,1503,positive"
"1503,1504,positive"
"1504,1505,positive"
"1505,1506,positive"
"1506,1507,positive"
"1507,1508,positive"
"1508,1509,positive"
"1509,1510,positive"
"1510,1511,positive"
"1511,1512,positive"
"1512,1513,positive"
"1513,1514,positive"
"1514,1515,positive"
"1515,1516,positive"
"1516,1517,positive"
"1517,1518,positive"
"1518,1519,positive"
"1519,1520,positive"
"1520,1521,positive"
"1521,1522,positive"
"1522,1523,positive"
"1523,1524,positive"
"1524,1525,positive"
"1525,1526,positive"
"1526,1527,positive"
"1527,1528,positive"
"1528,1529,positive"
"1529,1530,positive"
"1530,1531,positive"
"1531,1532,positive"
"1532,1533,positive"
"1533,1534,positive"
"1534,1535,positive"
"1535,1536,positive"
"1536,1537,positive"
"1537,1538,positive"
"1538,1539,positive"
"1539,1540,positive"
"1540,1541,positive"
"1541,1542,positive"
"1542,1543,positive"
"1543,1544,positive"
"1544,1545,positive"
"1545,1546,positive"
"1546,1547,positive"
"1547,1548,positive"
"1548,1549,positive"
"1549,1550,positive"
"1550,1551,positive"
"1551,1552,positive"
"1552,1553,positive"
"1553,1554,positive"
"1554,1555,positive"
"1555,1556,positive"
"1556,1557,positive"
"1557,1558,positive"
"1558,1559,positive"
"1559,1560,positive"
"1560,1561,positive"
"1561,1562,positive"
"1562,1563,positive"
"1563,1564,positive"
"1564,1565,positive"
"1565,1566,positive"
"1566,1567,positive"
"1567,1568,positive"
"1568,1569,positive"
"1569,1570,positive"
"1570,1571,positive"
"1571,1572,positive"
"1572,1573,positive"
"1573,1574,positive"
"1574,1575,positive"
"1575,1576,positive"
"1576,1577,positive"
"1577,1578,positive"
"1578,1579,positive"
"1579,1580,positive"
"1580,1581,positive"
"1581,1582,positive"
"1582,1583,positive"
"1583,1584,positive"
"1584,1585,positive"
"1585,1586,positive"
"1586,1587,positive"
"1587,1588,positive"
"1588,1589,positive"
"1589,1590,positive"
"1590,1591,positive"
"1591,1592,positive"
"1592,1593,positive"
"1593,1594,positive"
"1594,1595,positive"
"1595,1596,positive"
"1596,1597,positive"
"1597,1598,positive"
"1598,1599,positive"
"1599,1600,positive"
"1600,1601,positive"
"1601,1602,positive"
"1602,1603,positive"
"1603,1604,positive"
"1604,1605,positive"
"1605,1606,positive"
"1606,1607,positive"
"1607,1608,positive"
"1608,1609,positive"
"1609,1610,positive"
"1610,1611,positive"
"1611,1612,positive"
"1612,1613,positive"
"1613,1614,positive"
"1614,1615,positive"
"1615,1616,positive"
"1616,1617,positive"
"1617,1618,positive"
"1618,1619,positive"
"1619,1620,positive"
"1620,1621,positive"
"1621,1622,positive"
"1622,1623,positive"
"1623,1624,positive"
"1624,1625,positive"
"1625,1626,positive"
"1626,1627,positive"
"1627,1628,positive"
"1628,1629,positive"
"1629,1630,positive"
"1630,1631,positive"
"1631,1632,positive"
"1632,1633,positive"
"1633,1634,positive"
"1634,1635,positive"
"1635,1636,positive"
"1636,1637,positive"
"1637,1638,positive"
"1638,1639,positive"
"1639,1640,positive"
"1640,1641,positive"
"1641,1642,positive"
"1642,1643,positive"
"1643,1644,positive"
"1644,1645,positive"
"1645,1646,positive"
"1646,1647,positive"
"1647,1648,positive"
"1648,1649,positive"
"1649,1650,positive"
"1650,1651,positive"
"1651,1652,positive"
"1652,1653,positive"
"1653,1654,positive"
"1654,1655,positive"
"1655,1656,positive"
"1656,1657,positive"
"1657,1658,positive"
"1658,1659,positive"
"1659,1660,positive"
"1660,1661,positive"
"1661,1662,positive"
"1662,1663,positive"
"1663,1664,positive"
"1664,1665,positive"
"1665,1666,positive"
"1666,1667,positive"
"1667,1668,positive"
"1668,1669,positive"
"1669,1670,positive"
"1670,1671,positive"
"1671,1672,positive"
"1672,1673,positive"
"1673,1674,positive"
"1674,1675,positive"
"1675,1676,positive"
"1676,1677,positive"
"1677,1678,positive"
"1678,1679,positive"
"1679,1680,positive"
"1680,1681,positive"
"1681,1682,positive"
"1682,1683,positive"
"1683,1684,positive"
"1684,1685,positive"
"1685,1686,positive"
"1686,1687,positive"
"1687,1688,positive"
"1688,1689,positive"
"1689,1690,positive"
"1690,1691,positive"
"1691,1692,positive"
"1692,1693,positive"
"1693,1694,positive"
"1694,1695,positive"
"1695,1696,positive"
"1696,1697,positive"
"1697,1698,positive"
"1698,1699,positive"
"1699,1700,positive"
"1700,1701,positive"
"1701,1702,positive"
"1702,1703,positive"
"1703,1704,positive"
"1704,1705,positive"
"1705,1706,positive"
"1706,1707,positive"
"1707,1708,positive"
"1708,1709,positive"
"1709,1710,positive"
"1710,1711,positive"
"1711,1712,positive"
"1712,1713,positive"
"1713,1714,positive"
"1714,1715,positive"
"1715,1716,positive"
"1716,1717,positive"
"1717,1718,positive"
"1718,1719,positive"
"1719,1720,positive"
"1720,1721,positive"
"1721,1722,positive"
"1722,1723,positive"
"1723,1724,positive"
"1724,1725,positive"
"1725,1726,positive"
"1726,1727,positive"
"1727,1728,positive"
"1728,1729,positive"
"1729,1730,positive"
"1730,1731,positive"
"1731,1732,positive"
"1732,1733,positive"
"1733,1734,positive"
"1734,1735,positive"
"1735,1736,positive"
"1736,1737,positive"
"1737,1738,positive"
"1738,1739,positive"
"1739,1740,positive"
"1740,1741,positive"
"1741,1742,positive"
"1742,1743,positive"
"1743,1744,positive"
"1744,1745,positive"
"1745,1746,positive"
"1746,1747,positive"
"1747,1748,positive"
"1748,1749,positive"
"1749,1750,positive"
"1750,1751,positive"
"1751,1752,positive"
"1752,1753,positive"
"1753,1754,positive"
"1754,1755,positive"
"1755,1756,positive"
"1756,1757,positive"
"1757,1758,positive"
"1758,1759,positive"
"1759,1760,positive"
"1760,1761,positive"
"1761,1762,positive"
"1762,1763,positive"
"1763,1764,positive"
"1764,1765,positive"
"1765,1766,positive"
"1766,1767,positive"
"1767,1768,positive"
"1768,1769,positive"
"1769,1770,positive"
"1770,1771,positive"
"1771,1772,positive"
"1772,1773,positive"
"1773,1774,positive"
"1774,1775,positive"
"1775,1776,positive"
"1776,1777,positive"
"1777,1778,positive"
"1778,1779,positive"
"1779,1780,positive"
"1780,1781,positive"
"1781,1782,positive"
"1782,1783,positive"
"1783,1784,positive"
"1784,1785,positive"
"1785,1786,positive"
"1786,1787,positive"
"1787,1788,positive"
"1788,1789,positive"
"1789,1790,positive"
"1790,1791,positive"
"1791,1792,positive"
"1792,1793,positive"
"1793,1794,positive"
"1794,1795,positive"
"1795,1796,positive"
"1796,1797,positive"
"1797,1798,positive"
"1798,1799,positive"
"1799,1800,positive"
"1800,1801,positive"
"1801,1802,positive"
"1802,1803,positive"
"1803,1804,positive"
"1804,1805,positive"
"1805,1806,positive"
"1806,1807,positive"
"1807,1808,positive"
"1808,1809,positive"
"1809,1810,positive"
"1810,1811,positive"
"1811,1812,positive"
"1812,1813,positive"
"1813,1814,positive"
"1814,1815,positive"
"1815,1816,positive"
"1816,1817,positive"
"1817,1818,positive"
"1818,1819,positive"
"1819,1820,positive"
"1820,1821,positive"
"1821,1822,positive"
"1822,1823,positive"
"1823,1824,positive"
"1824,1825,positive"
"1825,1826,positive"
"1826,1827,positive"
"1827,1828,positive"
"1828,1829,positive"
"1829,1830,positive"
"1830,1831,positive"
"1831,1832,positive"
"1832,1833,positive"
"1833,1834,positive"
"1834,1835,positive"
"1835,1836,positive"
"1836,1837,positive"
"1837,1838,positive"
"1838,1839,positive"
"1839,1840,positive"
"1840,1841,positive"
"1841,1842,positive"
"1842,1843,positive"
"1843,1844,positive"
"1844,1845,positive"
"1845,1846,positive"
"1846,1847,positive"
"1847,1848,positive"
"1848,1849,positive"
"1849,1850,positive"
"1850,1851,positive"
"1851,1852,positive"
"1852,1853,positive"
"1853,1854,positive"
"1854,1855,positive"
"1855,1856,positive"
"1856,1857,positive"
"1857,1858,positive"
"1858,1859,positive"
"1859,1860,positive"
"1860,1861,positive"
"1861,1862,positive"
"1862,1863,positive"
"1863,1864,positive"
"1864,1865,positive"
"1865,1866,positive"
"1866,1867,positive"
"1867,1868,positive"
"1868,1869,positive"
"1869,1870,positive"
"1870,1871,positive"
"1871,1872,positive"
"1872,1873,positive"
"1873,1874,positive"
"1874,1875,positive"
"1875,1876,positive"
"1876,1877,positive"
"1877,1878,positive"
"1878,1879,positive"
"1879,1880,positive"
"1880,1881,positive"
"1881,1882,positive"
"1882,1883,positive"
"1883,1884,positive"
"1884,1885,positive"
"1885,1886,positive"
"1886,1887,positive"
"1887,1888,positive"
"1888,1889,positive"
"1889,1890,positive"
"1890,1891,positive"
"1891,1892,positive"
"1892,1893,positive"
"1893,1894,positive"
"1894,1895,positive"
"1895,1896,positive"
"1896,1897,positive"
"1897,1898,positive"
"1898,1899,positive"
"1899,1900,positive"
"1900,1901,positive"
"1901,1902,positive"
"1902,1903,positive"
"1903,1904,positive"
"1904,1905,positive"
"1905,1906,positive"
"1906,1907,positive"
"1907,1908,positive"
"1908,1909,positive"
"1909,1910,positive"
"1910,1911,positive"
"1911,1912,positive"
"1912,1913,positive"
"1913,1914,positive"
"1914,1915,positive"
"1915,1916,positive"
"1916,1917,positive"
"1917,1918,positive"
"1918,1919,positive"
"1919,1920,positive"
"1920,1921,positive"
"1921,1922,positive"
"1922,1923,positive"
"1923,1924,positive"
"1924,1925,positive"
"1925,1926,positive"
"1926,1927,positive"
"1927,1928,positive"
"1928,1929,positive"
"1929,1930,positive"
"1930,1931,positive"
"1931,1932,positive"
"1932,1933,positive"
"1933,1934,positive"
"1934,1935,positive"
"1935,1936,positive"
"1936,1937,positive"
"1937,1938,positive"
"1938,1939,positive"
"1939,1940,positive"
"1940,1941,positive"
"1941,1942,positive"
"1942,1943,positive"
"1943,1944,positive"
"1944,1945,positive"
"1945,1946,positive"
"1946,1947,positive"
"1947,1948,positive"
"1948,1949,positive"
"1949,1950,positive"
"1950,1951,positive"
"1951,1952,positive"
"1952,1953,positive"
"1953,1954,positive"
"1954,1955,positive"
"1955,1956,positive"
"1956,1957,positive"
"1957,1958,positive"
"1958,1959,positive"
"1959,1960,positive"
"1960,1961,positive"
"1961,1962,positive"
"1962,1963,positive"
"1963,1964,positive"
"1964,1965,positive"
"1965,1966,positive"
"1966,1967,positive"
"1967,1968,positive"
"1968,1969,positive"
"1969,1970,positive"
"1970,1971,positive"
"1971,1972,positive"
"1972,1973,positive"
"1973,1974,positive"
"1974,1975,positive"
"1975,1976,positive"
"1976,1977,positive"
"1977,1978,positive"
"1978,1979,positive"
"1979,1980,positive"
"1980,1981,positive"
"1981,1982,positive"
"1982,1983,positive"
"1983,1984,positive"
"1984,1985,positive"
"1985,1986,positive"
"1986,1987,positive"
"1987,1988,positive"
"1988,1989,positive"
"1989,1990,positive"
"1990,1991,positive"
"1991,1992,positive"
"1992,1993,positive"
"1993,1994,positive"
"1994,1995,positive"
"1995,1996,positive"
"1996,1997,positive"
"1997,1998,positive"
"1998,1999,positive"
"1999,2000,positive"
"2000,2001,positive"
"2001,2002,positive"
"2002,2003,positive"
"2003,2004,positive"
"2004,2005,positive"
"2005,2006,positive"
"2006,2007,positive"
"2007,2008,positive"
"2008,2009,positive"
"2009,2010,positive"
"2010,2011,positive"
"2011,2012,positive"
"2012,2013,positive"
"2013,2014,positive"
"2014,2015,positive"
"2015,2016,positive"
"2016,2017,positive"
"2017,2018,positive"
"2018,2019,positive"
"2019,2020,positive"
"2020,2021,positive"
"2021,2022,positive"
"2022,2023,positive"
"2023,2024,positive"
"2024,2025,positive"
"2025,2026,positive"
"2026,2027,positive"
"2027,2028,positive"
"2028,2029,positive"
"2029,2030,positive"
"2030,2031,positive"
"2031,2032,positive"
"2032,2033,positive"
"2033,2034,positive"
"2034,2035,positive"
"2035,2036,positive"
"2036,2037,positive"
"2037,2038,positive"
"2038,2039,positive"
"2039,2040,positive"
"2040,2041,positive"
"2041,2042,positive"
"2042,2043,positive"
"2043,2044,positive"
"2044,2045,positive"
"2045,2046,positive"
"2046,2047,positive"
"2047,2048,positive"
"2048,2049,positive"
"2049,2050,positive"
"2050,2051,positive"
"2051,2052,positive"
"2052,2053,positive"
"2053,2054,positive"
"2054,2055,positive"
"2055,2056,positive"
"2056,2057,positive"
"2057,2058,positive"
"2058,2059,positive"
"2059,2060,positive"
"2060,2061,positive"
"2061,2062,positive"
"2062,2063,positive"
"2063,2064,positive"
"2064,2065,positive"
"2065,2066,positive"
"2066,2067,positive"
"2067,2068,positive"
"2068,2069,positive"
"2069,2070,positive"
"2070,2071,positive"
"2071,2072,positive"
"2072,2073,positive"
"2073,2074,positive"
"2074,2075,positive"
"2075,2076,positive"
"2076,2077,positive"
"2077,2078,positive"
"2078,2079,positive"
"2079,2080,positive"
"2080,2081,positive"
"2081,2082,positive"
"2082,2083,positive"
"2083,2084,positive"
"2084,2085,positive"
"2085,2086,positive"
"2086,2087,positive"
"2087,2088,positive"
"2088,2089,positive"
"2089,2090,positive"
"2090,2091,positive"
"2091,2092,positive"
"2092,2093,positive"
"2093,2094,positive"
"2094,2095,positive"
"2095,2096,positive"
"2096,2097,positive"
"2097,2098,positive"
"2098,2099,positive"
"2099,2100,positive"
"2100,2101,positive"
"2101,2102,positive"
"2102,2103,positive"
"2103,2104,positive"
"2104,2105,positive"
"2105,2106,positive"
"2106,2107,positive"
"2107,2108,positive"
"2108,2109,positive"
"2109,2110,positive"
"2110,2111,positive"
"2111,2112,positive"
"2112,2113,positive"
"2113,2114,positive"
"2114,2115,positive"
"2115,2116,positive"
"2116,2117,positive"
"2117,2118,positive"
"2118,2119,positive"
"2119,2120,positive"
"2120,2121,positive"
"2121,2122,positive"
"2122,2123,positive"
"2123,2124,positive"
"2124,2125,positive"
"2125,2126,positive"
"2126,2127,positive"
"2127,2128,positive"
"2128,2129,positive"
"2129,2130,positive"
"2130,2131,positive"
"2131,2132,positive"
"2132,2133,positive"
"2133,2134,positive"
"2134,2135,positive"
"2135,2136,positive"
"2136,2137,positive"
"2137,2138,positive"
"2138,2139,positive"
"2139,2140,positive"
"2140,2141,positive"
"2141,2142,positive"
"2142,2143,positive"
"2143,2144,positive"
"2144,2145,positive"
"2145,2146,positive"
"2146,2147,positive"
"2147,2148,positive"
"2148,2149,positive"
"2149,2150,positive"
"2150,2151,positive"
"2151,2152,positive"
"2152,2153,positive"
"2153,2154,positive"
"2154,2155,positive"
"2155,2156,positive"
"2156,2157,positive"
"2157,2158,positive"
"2158,2159,positive"
"2159,2160,positive"
"2160,2161,positive"
"2161,2162,positive"
"2162,2163,positive"
"2163,2164,positive"
"2164,2165,positive"
"2165,2166,positive"
"2166,2167,positive"
"2167,2168,positive"
"2168,2169,positive"
"2169,2170,positive"
"2170,2171,positive"
"2171,2172,positive"
"2172,2173,positive"
"2173,2174,positive"
"2174,2175,positive"
"2175,2176,positive"
"2176,2177,positive"
"2177,2178,positive"
"2178,2179,positive"
"2179,2180,positive"
"2180,2181,positive"
"2181,2182,positive"
"2182,2183,positive"
"2183,2184,positive"
"2184,2185,positive"
"2185,2186,positive"
"2186,2187,positive"
"2187,2188,positive"
"2188,2189,positive"
"2189,2190,positive"
"2190,2191,positive"
"2191,2192,positive"
"2192,2193,positive"
"2193,2194,positive"
"2194,2195,positive"
"2195,2196,positive"
"2196,2197,positive"
"2197,2198,positive"
"2198,2199,positive"
"2199,2200,positive"
"2200,2201,positive"
"2201,2202,positive"
"2202,2203,positive"
"2203,2204,positive"
"2204,2205,positive"
"2205,2206,positive"
"2206,2207,positive"
"2207,2208,positive"
"2208,2209,positive"
"2209,2210,positive"
"2210,2211,positive"
"2211,2212,positive"
"2212,2213,positive"
"2213,2214,positive"
"2214,2215,positive"
"2215,2216,positive"
"2216,2217,positive"
"2217,2218,positive"
"2218,2219,positive"
"2219,2220,positive"
"2220,2221,positive"
"2221,2222,positive"
"2222,2223,positive"
"2223,2224,positive"
"2224,2225,positive"
"2225,2226,positive"
"2226,2227,positive"
"2227,2228,positive"
"2228,2229,positive"
"2229,2230,positive"
"2230,2231,positive"
"2231,2232,positive"
"2232,2233,positive"
"2233,2234,positive"
"2234,2235,positive"
"2235,2236,positive"
"2236,2237,positive"
"2237,2238,positive"
"2238,2239,positive"
"2239,2240,positive"
"2240,2241,positive"
"2241,2242,positive"
"2242,2243,positive"
"2243,2244,positive"
"2244,2245,positive"
"2245,2246,positive"
"2246,2247,positive"
"2247,2248,positive"
"2248,2249,positive"
"2249,2250,positive"
"2250,2251,positive"
"2251,2252,positive"
"2252,2253,positive"
"2253,2254,positive"
"2254,2255,positive"
"2255,2256,positive"
"2256,2257,positive"
"2257,2258,positive"
"2258,2259,positive"
"2259,2260,positive"
"2260,2261,positive"
"2261,2262,positive"
"2262,2263,positive"
"2263,2264,positive"
"2264,2265,positive"
"2265,2266,positive"
"2266,2267,positive"
"2267,2268,positive"
"2268,2269,positive"
"2269,2270,positive"
"2270,2271,positive"
"2271,2272,positive"
"2272,2273,positive"
"2273,2274,positive"
"2274,2275,positive"
"2275,2276,positive"
"2276,2277,positive"
"2277,2278,positive"
"2278,2279,positive"
"2279,2280,positive"
"2280,2281,positive"
"2281,2282,positive"
"2282,2283,positive"
"2283,2284,positive"
"2284,2285,positive"
"2285,2286,positive"
"2286,2287,positive"
"2287,2288,positive"
"2288,2289,positive"
"2289,2290,positive"
"2290,2291,positive"
"2291,2292,positive"
"2292,2293,positive"
"2293,2294,positive"
"2294,2295,positive"
"2295,2296,positive"
"2296,2297,positive"
"2297,2298,positive"
"2298,2299,positive"
"2299,2300,positive"
"2300,2301,positive"
"2301,2302,positive"
"2302,2303,positive"
"2303,2304,positive"
"2304,2305,positive"
"2305,2306,positive"
"2306,2307,positive"
"2307,2308,positive"
"2308,2309,positive"
"2309,2310,positive"
"2310,2311,positive"
"2311,2312,positive"
"2312,2313,positive"
"2313,2314,positive"
"2314,2315,positive"
"2315,2316,positive"
"2316,2317,positive"
"2317,2318,positive"
"2318,2319,positive"
"2319,2320,positive"
"2320,2321,positive"
"2321,2322,positive"
"2322,2323,positive"
"2323,2324,positive"
"2324,2325,positive"
"2325,2326,positive"
"2326,2327,positive"
"2327,2328,positive"
"2328,2329,positive"
"2329,2330,positive"
"2330,2331,positive"
"2331,2332,positive"
"2332,2333,positive"
"2333,2334,positive"
"2334,2335,positive"
"2335,2336,positive"
"2336,2337,positive"
"2337,2338,positive"
"2338,2339,positive"
"2339,2340,positive"
"2340,2341,positive"
"2341,2342,positive"
"2342,2343,positive"
"2343,2344,positive"
"2344,2345,positive"
"2345,2346,positive"
"2346,2347,positive"
"2347,2348,positive"
"2348,2349,positive"
"2349,2350,positive"
"2350,2351,positive"
"2351,2352,positive"
"2352,2353,positive"
"2353,2354,positive"
"2354,2355,positive"
"2355,2356,positive"
"2356,2357,positive"
"2357,2358,positive"
"2358,2359,positive"
"2359,2360,positive"
"2360,2361,positive"
"2361,2362,positive"
"2362,2363,positive"
"2363,2364,positive"
"2364,2365,positive"
"2365,2366,positive"
"2366,2367,positive"
"2367,2368,positive"
"2368,2369,positive"
"2369,2370,positive"
"2370,2371,positive"
"2371,2372,positive"
"2372,2373,positive"
"2373,2374,positive"
"2374,2375,positive"
"2375,2376,positive"
"2376,2377,positive"
"2377,2378,positive"
"2378,2379,positive"
"2379,2380,positive"
"2380,2381,positive"
"2381,2382,positive"
"2382,2383,positive"
"2383,2384,positive"
"2384,2385,positive"
"2385,2386,positive"
"2386,2387,positive"
"2387,2388,positive"
"2388,2389,positive"
"2389,2390,positive"
"2390,2391,positive"
"2391,2392,positive"
"2392,2393,positive"
"2393,2394,positive"
"2394,2395,positive"
"2395,2396,positive"
"2396,2397,positive"
"2397,2398,positive"
"2398,2399,positive"
"2399,2400,positive"
"2400,2401,positive"
"2401,2402,positive"
"2402,2403,positive"
"2403,2404,positive"
"2404,2405,positive"
"2405,2406,positive"
"2406,2407,positive"
"2407,2408,positive"
"2408,2409,positive"
"2409,2410,positive"
"2410,2411,positive"
"2411,2412,positive"
"2412,2413,positive"
"2413,2414,positive"
"2414,2415,positive"
"2415,2416,positive"
"2416,2417,positive"
"2417,2418,positive"
"2418,2419,positive"
"2419,2420,positive"
"2420,2421,positive"
"2421,2422,positive"
"2422,2423,positive"
"2423,2424,positive"
"2424,2425,positive"
"2425,2426,positive"
"2426,2427,positive"
"2427,2428,positive"
"2428,2429,positive"
"2429,2430,positive"
"2430,2431,positive"
"2431,2432,positive"
"2432,2433,positive"
"2433,2434,positive"
"2434,2435,positive"
"2435,2436,positive"
"2436,2437,positive"
"2437,2438,positive"
"2438,2439,positive"
"2439,2440,positive"
"2440,2441,positive"
"2441,2442,positive"
"2442,2443,positive"
"2443,2444,positive"
"2444,2445,positive"
"2445,2446,positive"
"2446,2447,positive"
"2447,2448,positive"
"2448,2449,positive"
"2449,2450,positive"
"2450,2451,positive"
"2451,2452,positive"
"2452,2453,positive"
"2453,2454,positive"
"2454,2455,positive"
"2455,2456,positive"
"2456,2457,positive"
"2457,2458,positive"
"2458,2459,positive"
"2459,2460,positive"
"2460,2461,positive"
"2461,2462,positive"
"2462,2463,positive"
"2463,2464,positive"
"2464,2465,positive"
"2465,2466,positive"
"2466,2467,positive"
"2467,2468,positive"
"2468,2469,positive"
"2469,2470,positive"
"2470,2471,positive"
"2471,2472,positive"
"2472,2473,positive"
"2473,2474,positive"
"2474,2475,positive"
"2475,2476,positive"
"2476,2477,positive"
"2477,2478,positive"
"2478,2479,positive"
"2479,2480,positive"
"2480,2481,positive"
"2481,2482,positive"
"2482,2483,positive"
"2483,2484,positive"
"2484,2485,positive"
"2485,2486,positive"
"2486,2487,positive"
"2487,2488,positive"
"2488,2489,positive"
"2489,2490,positive"
"2490,2491,positive"
"2491,2492,positive"
"2492,2493,positive"
"2493,2494,positive"
"2494,2495,positive"
"2495,2496,positive"
"2496,2497,positive"
"2497,2498,positive"
"2498,2499,positive"
"2499,2500,positive"
"2500,2501,positive"
"2501,2502,positive"
"2502,2503,positive"
"2503,2504,positive"
"2504,2505,positive"
"2505,2506,positive"
"2506,2507,positive"
"2507,2508,positive"
"2508,2509,positive"
"2509,2510,positive"
"2510,2511,positive"
"2511,2512,positive"
"2512,2513,positive"
"2513,2514,positive"
"2514,2515,positive"
"2515,2516,positive"
"2516,2517,positive"
"2517,2518,positive"
"2518,2519,positive"
"2519,2520,positive"
"2520,2521,positive"
"2521,2522,positive"
"2522,2523,positive"
"2523,2524,positive"
"2524,2525,positive"
"2525,2526,positive"
"2526,2527,positive"
"2527,2528,positive"
"2528,2529,positive"
"2529,2530,positive"
"2530,2531,positive"
"2531,2532,positive"
"2532,2533,positive"
"2533,2534,positive"
"2534,2535,positive"
"2535,2536,positive"
"2536,2537,positive"
"2537,2538,positive"
"2538,2539,positive"
"2539,2540,positive"
"2540,2541,positive"
"2541,2542,positive"
"2542,2543,positive"
"2543,2544,positive"
"2544,2545,positive"
"2545,2546,positive"
"2546,2547,positive"
"2547,2548,positive"
"2548,2549,positive"
"2549,2550,positive"
"2550,2551,positive"
"2551,2552,positive"
"2552,2553,positive"
"2553,2554,positive"
"2554,2555,positive"
"2555,2556,positive"
"2556,2557,positive"
"2557,2558,positive"
"2558,2559,positive"
"2559,2560,positive"
"2560,2561,positive"
"2561,2562,positive"
"2562,2563,positive"
"2563,2564,positive"
"2564,2565,positive"
"2565,2566,positive"
"2566,2567,positive"
"2567,2568,positive"
"2568,2569,positive"
"2569,2570,positive"
"2570,2571,positive"
"2571,2572,positive"
"2572,2573,positive"
"2573,2574,positive"
"2574,2575,positive"
"2575,2576,positive"
"2576,2577,positive"
"2577,2578,positive"
"2578,2579,positive"
"2579,2580,positive"
"2580,2581,positive"
"2581,2582,positive"
"2582,2583,positive"
"2583,2584,positive"
"2584,2585,positive"
"2585,2586,positive"
"2586,2587,positive"
"2587,2588,positive"
"2588,2589,positive"
"2589,2590,positive"
"2590,2591,positive"
"2591,2592,positive"
"2592,2593,positive"
"2593,2594,positive"
"2594,2595,positive"
"2595,2596,positive"
"2596,2597,positive"
"2597,2598,positive"
"2598,2599,positive"
"2599,2600,positive"
"2600,2601,positive"
"2601,2602,positive"
"2602,2603,positive"
"2603,2604,positive"
"2604,2605,positive"
"2605,2606,positive"
"2606,2607,positive"
"2607,2608,positive"
"2608,2609,positive"
"2609,2610,positive"
"2610,2611,positive"
"2611,2612,positive"
"2612,2613,positive"
"2613,2614,positive"
"2614,2615,positive"
"2615,2616,positive"
"2616,2617,positive"
"2617,2618,positive"
"2618,2619,positive"
"2619,2620,positive"
"2620,2621,positive"
"2621,2622,positive"
"2622,2623,positive"
"2623,2624,positive"
"2624,2625,positive"
"2625,2626,positive"
"2626,2627,positive"
"2627,2628,positive"
"2628,2629,positive"
"2629,2630,positive"
"2630,2631,positive"
"2631,2632,positive"
"2632,2633,positive"
"2633,2634,positive"
"2634,2635,positive"
"2635,2636,positive"
"2636,2637,positive"
"2637,2638,positive"
"2638,2639,positive"
"2639,2640,positive"
"2640,2641,positive"
"2641,2642,positive"
"2642,2643,positive"
"2643,2644,positive"
"2644,2645,positive"
"2645,2646,positive"
"2646,2647,positive"
"2647,2648,positive"
"2648,2649,positive"
"2649,2650,positive"
"2650,2651,positive"
"2651,2652,positive"
"2652,2653,positive"
"2653,2654,positive"
"2654,2655,positive"
"2655,2656,positive"
"2656,2657,positive"
"2657,2658,positive"
"2658,2659,positive"
"2659,2660,positive"
"2660,2661,positive"
"2661,2662,positive"
"2662,2663,positive"
"2663,2664,positive"
"2664,2665,positive"
"2665,2666,positive"
"2666,2667,positive"
"2667,2668,positive"
"2668,2669,positive"
"2669,2670,positive"
"2670,2671,positive"
"2671,2672,positive"
"2672,2673,positive"
"2673,2674,positive"
"2674,2675,positive"
"2675,2676,positive"
"2676,2677,positive"
"2677,2678,positive"
"2678,2679,positive"
"2679,2680,positive"
"2680,2681,positive"
"2681,2682,positive"
"2682,2683,positive"
"2683,2684,positive"
"2684,2685,positive"
"2685,2686,positive"
"2686,2687,positive"
"2687,2688,positive"
"2688,2689,positive"
"2689,2690,positive"
"2690,2691,positive"
"2691,2692,positive"
"2692,2693,positive"
"2693,2694,positive"
"2694,2695,positive"
"2695,2696,positive"
"2696,2697,positive"
"2697,2698,positive"
"2698,2699,positive"
"2699,2700,positive"
"2700,2701,positive"
"2701,2702,positive"
"2702,2703,positive"
"2703,2704,positive"
"2704,2705,positive"
"2705,2706,positive"
"2706,2707,positive"
"2707,2708,positive"
"2708,2709,positive"
"2709,2710,positive"
"2710,2711,positive"
"2711,2712,positive"
"2712,2713,positive"
"2713,2714,positive"
"2714,2715,positive"
"2715,2716,positive"
"2716,2717,positive"
"2717,2718,positive"
"2718,2719,positive"
"2719,2720,positive"
"2720,2721,positive"
"2721,2722,positive"
"2722,2723,positive"
"2723,2724,positive"
"2724,2725,positive"
"2725,2726,positive"
"2726,2727,positive"
"2727,2728,positive"
"2728,2729,positive"
"2729,2730,positive"
"2730,2731,positive"
"2731,2732,positive"
"2732,2733,positive"
"2733,2734,positive"
"2734,2735,positive"
"2735,2736,positive"
"2736,2737,positive"
"2737,2738,positive"
"2738,2739,positive"
"2739,2740,positive"
"2740,2741,positive"
"2741,2742,positive"
"2742,2743,positive"
"2743,2744,positive"
"2744,2745,positive"
"2745,2746,positive"
"2746,2747,positive"
"2747,2748,positive"
"2748,2749,positive"
"2749,2750,positive"
"2750,2751,positive"
"2751,2752,positive"
"2752,2753,positive"
"2753,2754,positive"
"2754,2755,positive"
"2755,2756,positive"
"2756,2757,positive"
"2757,2758,positive"
"2758,2759,positive"
"2759,2760,positive"
"2760,2761,positive"
"2761,2762,positive"
"2762,2763,positive"
"2763,2764,positive"
"2764,2765,positive"
"2765,2766,positive"
"2766,2767,positive"
"2767,2768,positive"
"2768,2769,positive"
"2769,2770,positive"
"2770,2771,positive"
"2771,2772,positive"
"2772,2773,positive"
"2773,2774,positive"
"2774,2775,positive"
"2775,2776,positive"
"2776,2777,positive"
"2777,2778,positive"
"2778,2779,positive"
"2779,2780,positive"
"2780,2781,positive"
"2781,2782,positive"
"2782,2783,positive"
"2783,2784,positive"
"2784,2785,positive"
"2785,2786,positive"
"2786,2787,positive"
"2787,2788,positive"
"2788,2789,positive"
"2789,2790,positive"
"2790,2791,positive"
"2791,2792,positive"
"2792,2793,positive"
"2793,2794,positive"
"2794,2795,positive"
"2795,2796,positive"
"2796,2797,positive"
"2797,2798,positive"
"2798,2799,positive"
"2799,2800,positive"
"2800,2801,positive"
"2801,2802,positive"
"2802,2803,positive"
"2803,2804,positive"
"2804,2805,positive"
"2805,2806,positive"
"2806,2807,positive"
"2807,2808,positive"
"2808,2809,positive"
"2809,2810,positive"
"2810,2811,positive"
"2811,2812,positive"
"2812,2813,positive"
"2813,2814,positive"
"2814,2815,positive"
"2815,2816,positive"
"2816,2817,positive"
"2817,2818,positive"
"2818,2819,positive"
"2819,2820,positive"
"2820,2821,positive"
"2821,2822,positive"
"2822,2823,positive"
"2823,2824,positive"
"2824,2825,positive"
"2825,2826,positive"
"2826,2827,positive"
"2827,2828,positive"
"2828,2829,positive"
"2829,2830,positive"
"2830,2831,positive"
"2831,2832,positive"
"2832,2833,positive"
"2833,2834,positive"
"2834,2835,positive"
"2835,2836,positive"
"2836,2837,positive"
"2837,2838,positive"
"2838,2839,positive"
"2839,2840,positive"
"2840,2841,positive"
"2841,2842,positive"
"2842,2843,positive"
"2843,2844,positive"
"2844,2845,positive"
"2845,2846,positive"
"2846,2847,positive"
"2847,2848,positive"
"2848,2849,positive"
"2849,2850,positive"
"2850,2851,positive"
"2851,2852,positive"
"2852,2853,positive"
"2853,2854,positive"
"2854,2855,positive"
"2855,2856,positive"
"2856,2857,positive"
"2857,2858,positive"
"2858,2859,positive"
"2859,2860,positive"
"2860,2861,positive"
"2861,2862,positive"
"2862,2863,positive"
"2863,2864,positive"
"2864,2865,positive"
"2865,2866,positive"
"2866,2867,positive"
"2867,2868,positive"
"2868,2869,positive"
"2869,2870,positive"
"2870,2871,positive"
"2871,2872,positive"
"2872,2873,positive"
"2873,2874,positive"
"2874,2875,positive"
"2875,2876,positive"
"2876,2877,positive"
"2877,2878,positive"
"2878,2879,positive"
"2879,2880,positive"
"2880,2881,positive"
"2881,2882,positive"
"2882,2883,positive"
"2883,2884,positive"
"2884,2885,positive"
"2885,2886,positive"
"2886,2887,positive"
"2887,2888,positive"
"2888,2889,positive"
"2889,2890,positive"
"2890,2891,positive"
"2891,2892,positive"
"2892,2893,positive"
"2893,2894,positive"
"2894,2895,positive"
"2895,2896,positive"
"2896,2897,positive"
"2897,2898,positive"
"2898,2899,positive"
"2899,2900,positive"
"2900,2901,positive"
"2901,2902,positive"
"2902,2903,positive"
"2903,2904,positive"
"2904,2905,positive"
"2905,2906,positive"
"2906,2907,positive"
"2907,2908,positive"
"2908,2909,positive"
"2909,2910,positive"
"2910,2911,positive"
"2911,2912,positive"
"2912,2913,positive"
"2913,2914,positive"
"2914,2915,positive"
"2915,2916,positive"
"2916,2917,positive"
"2917,2918,positive"
"2918,2919,positive"
"2919,2920,positive"
"2920,2921,positive"
"2921,2922,positive"
"2922,2923,positive"
"2923,2924,positive"
"2924,2925,positive"
"2925,2926,positive"
"2926,2927,positive"
"2927,2928,positive"
"2928,2929,positive"
"2929,2930,positive"
"2930,2931,positive"
"2931,2932,positive"
"2932,2933,positive"
"2933,2934,positive"
"2934,2935,positive"
"2935,2936,positive"
"2936,2937,positive"
"2937,2938,positive"
"2938,2939,positive"
"2939,2940,positive"
"2940,2941,positive"
"2941,2942,positive"
"2942,2943,positive"
"2943,2944,positive"
"2944,2945,positive"
"2945,2946,positive"
"2946,2947,positive"
"2947,2948,positive"
"2948,2949,positive"
"2949,2950,positive"
"2950,2951,positive"
"2951,2952,positive"
"2952,2953,positive"
"2953,2954,positive"
"2954,2955,positive"
"2955,2956,positive"
"2956,2957,positive"
"2957,2958,positive"
"2958,2959,positive"
"2959,2960,positive"
"2960,2961,positive"
"2961,2962,positive"
"2962,2963,positive"
"2963,2964,positive"
"2964,2965,positive"
"2965,2966,positive"
"2966,2967,positive"
"2967,2968,positive"
"2968,2969,positive"
"2969,2970,positive"
"2970,2971,positive"
"2971,2972,positive"
"2972,2973,positive"
"2973,2974,positive"
"2974,2975,positive"
"2975,2976,positive"
"2976,2977,positive"
"2977,2978,positive"
"2978,2979,positive"
"2979,2980,positive"
"2980,2981,positive"
"2981,2982,positive"
"2982,2983,positive"
"2983,2984,positive"
"2984,2985,positive"
"2985,2986,positive"
"2986,2987,positive"
"2987,2988,positive"
"2988,2989,positive"
"2989,2990,positive"
"2990,2991,positive"
"2991,2992,positive"
"2992,2993,positive"
"2993,2994,positive"
"2994,2995,positive"
"2995,2996,positive"
"2996,2997,positive"
"2997,2998,positive"
"2998,2999,positive"
"2999,3000,positive"
"3000,3001,positive"
"3001,3002,positive"
"3002,3003,positive"
"3003,3004,positive"
"3004,3005,positive"
"3005,3006,positive"
"3006,3007,positive"
"3007,3008,positive"
"3008,3009,positive"
"3009,3010,positive"
"3010,3011,positive"
"3011,3012,positive"
"3012,3013,positive"
"3013,3014,positive"
"3014,3015,positive"
"3015,3016,positive"
"3016,3017,positive"
"3017,3018,positive"
"3018,3019,positive"
"3019,3020,positive"
"3020,3021,positive"
"3021,3022,positive"
"3022,3023,positive"
"3023,3024,positive"
"3024,3025,positive"
"3025,3026,positive"
"3026,3027,positive"
"3027,3028,positive"
"3028,3029,positive"
"3029,3030,positive"
"3030,3031,positive"
"3031,3032,positive"
"3032,3033,positive"
"3033,3034,positive"
"3034,3035,positive"
"3035,3036,positive"
"3036,3037,positive"
"3037,3038,positive"
"3038,3039,positive"
"3039,3040,positive"
"3040,3041,positive"
"3041,3042,positive"
"3042,3043,positive"
"3043,3044,positive"
"3044,3045,positive"
"3045,3046,positive"
"3046,3047,positive"
"3047,3048,positive"
"3048,3049,positive"
"3049,3050,positive"
"3050,3051,positive"
"3051,3052,positive"
"3052,3053,positive"
"3053,3054,positive"
"3054,3055,positive"
"3055,3056,positive"
"3056,3057,positive"
"3057,3058,positive"
"3058,3059,positive"
"3059,3060,positive"
"3060,3061,positive"
"3061,3062,positive"
"3062,3063,positive"
"3063,3064,positive"
"3064,3065,positive"
"3065,3066,positive"
"3066,3067,positive"
"3067,3068,positive"
"3068,3069,positive"
"3069,3070,positive"
"3070,3071,positive"
"3071,3072,positive"
"3072,3073,positive"
"3073,3074,positive"
"3074,3075,positive"
"3075,3076,positive"
"3076,3077,positive"
"3077,3078,positive"
"3078,3079,positive"
"3079,3080,positive"
"3080,3081,positive"
"3081,3082,positive"
"3082,3083,positive"
"3083,3084,positive"
"3084,3085,positive"
"3085,3086,positive"
"3086,3087,positive"
"3087,3088,positive"
"3088,3089,positive"
"3089,3090,positive"
"3090,3091,positive"
"3091,3092,positive"
"3092,3093,positive"
"3093,3094,positive"
"3094,3095,positive"
"3095,3096,positive"
"3096,3097,positive"
"3097,3098,positive"
"3098,3099,positive"
"3099,3100,positive"
"3100,3101,positive"
"3101,3102,positive"
"3102,3103,positive"
"3103,3104,positive"
"3104,3105,positive"
"3105,3106,positive"
"3106,3107,positive"
"3107,3108,positive"
"3108,3109,positive"
"3109,3110,positive"
"3110,3111,positive"
"3111,3112,positive"
"3112,3113,positive"
"3113,3114,positive"
"3114,3115,positive"
"3115,3116,positive"
"3116,3117,positive"
"3117,3118,positive"
"3118,3119,positive"
"3119,3120,positive"
"3120,3121,positive"
"3121,3122,positive"
"3122,3123,positive"
"3123,3124,positive"
"3124,3125,positive"
"3125,3126,positive"
"3126,3127,positive"
"3127,3128,positive"
"3128,3129,positive"
"3129,3130,positive"
"3130,3131,positive"
"3131,3132,positive"
"3132,3133,positive"
"3133,3134,positive"
"3134,3135,positive"
"3135,3136,positive"
"3136,3137,positive"
"3137,3138,positive"
"3138,3139,positive"
"3139,3140,positive"
"3140,3141,positive"
"3141,3142,positive"
"3142,3143,positive"
"3143,3144,positive"
"3144,3145,positive"
"3145,3146,positive"
"3146,3147,positive"
"3147,3148,positive"
"3148,3149,positive"
"3149,3150,positive"
"3150,3151,positive"
"3151,3152,positive"
"3152,3153,positive"
"3153,3154,positive"
"3154,3155,positive"
"3155,3156,positive"
"3156,3157,positive"
"3157,3158,positive"
"3158,3159,positive"
"3159,3160,positive"
"3160,3161,positive"
"3161,3162,positive"
"3162,3163,positive"
"3163,3164,positive"
"3164,3165,positive"
"3165,3166,positive"
"3166,3167,positive"
"3167,3168,positive"
"3168,3169,positive"
"3169,3170,positive"
"3170,3171,positive"
"3171,3172,positive"
"3172,3173,positive"
"3173,3174,positive"
"3174,3175,positive"
"3175,3176,positive"
"3176,3177,positive"
"3177,3178,positive"
"3178,3179,positive"
"3179,3180,positive"
"3180,3181,positive"
"3181,3182,positive"
"3182,3183,positive"
"3183,3184,positive"
"3184,3185,positive"
"3185,3186,positive"
"3186,3187,positive"
"3187,3188,positive"
"3188,3189,positive"
"3189,3190,positive"
"3190,3191,positive"
"3191,3192,positive"
"3192,3193,positive"
"3193,3194,positive"
"3194,3195,positive"
"3195,3196,positive"
"3196,3197,positive"
"3197,3198,positive"
"3198,3199,positive"
"3199,3200,positive"
"3200,3201,positive"
"3201,3202,positive"
"3202,3203,positive"
"3203,3204,positive"
"3204,3205,positive"
"3205,3206,positive"
"3206,3207,positive"
"3207,3208,positive"
"3208,3209,positive"
"3209,3210,positive"
"3210,3211,positive"
"3211,3212,positive"
"3212,3213,positive"
"3213,3214,positive"
"3214,3215,positive"
"3215,3216,positive"
"3216,3217,positive"
"3217,3218,positive"
"3218,3219,positive"
"3219,3220,positive"
"3220,3221,positive"
"3221,3222,positive"
"3222,3223,positive"
"3223,3224,positive"
"3224,3225,positive"
"3225,3226,positive"
"3226,3227,positive"
"3227,3228,positive"
"3228,3229,positive"
"3229,3230,positive"
"3230,3231,positive"
"3231,3232,positive"
"3232,3233,positive"
"3233,3234,positive"
"3234,3235,positive"
"3235,3236,positive"
"3236,3237,positive"
"3237,3238,positive"
"3238,3239,positive"
"3239,3240,positive"
"3240,3241,positive"
"3241,3242,positive"
"3242,3243,positive"
"3243,3244,positive"
"3244,3245,positive"
"3245,3246,positive"
"3246,3247,positive"
"3247,3248,positive"
"3248,3249,positive"
"3249,3250,positive"
"3250,3251,positive"
"3251,3252,positive"
"3252,3253,positive"
"3253,3254,positive"
"3254,3255,positive"
"3255,3256,positive"
"3256,3257,positive"
"3257,3258,positive"
"3258,3259,positive"
"3259,3260,positive"
"3260,3261,positive"
"3261,3262,positive"
"3262,3263,positive"
"3263,3264,positive"
"3264,3265,positive"
"3265,3266,positive"
"3266,3267,positive"
"3267,3268,positive"
"3268,3269,positive"
"3269,3270,positive"
"3270,3271,positive"
"3271,3272,positive"
"3272,3273,positive"
"3273,3274,positive"
"3274,3275,positive"
"3275,3276,positive"
"3276,3277,positive"
"3277,3278,positive"
"3278,3279,positive"
"3279,3280,positive"
"3280,3281,positive"
"3281,3282,positive"
"3282,3283,positive"
"3283,3284,positive"
"3284,3285,positive"
"3285,3286,positive"
"3286,3287,positive"
"3287,3288,positive"
"3288,3289,positive"
"3289,3290,positive"
"3290,3291,positive"
"3291,3292,positive"
"3292,3293,positive"
"3293,3294,positive"
"3294,3295,positive"
"3295,3296,positive"
"3296,3297,positive"
"3297,3298,positive"
"3298,3299,positive"
"3299,3300,positive"
"3300,3301,positive"
"3301,3302,positive"
"3302,3303,positive"
"3303,3304,positive"
"3304,3305,positive"
"3305,3306,positive"
"3306,3307,positive"
"3307,3308,positive"
"3308,3309,positive"
"3309,3310,positive"
"3310,3311,positive"
"3311,3312,positive"
"3312,3313,positive"
"3313,3314,positive"
"3314,3315,positive"
"3315,3316,positive"
"3316,3317,positive"
"3317,3318,positive"
"3318,3319,positive"
"3319,3320,positive"
"3320,3321,positive"
"3321,3322,positive"
"3322,3323,positive"
"3323,3324,positive"
"3324,3325,positive"
"3325,3326,positive"
"3326,3327,positive"
"3327,3328,positive"
"3328,3329,positive"
"3329,3330,positive"
"3330,3331,positive"
"3331,3332,positive"
"3332,3333,positive"
"3333,3334,positive"
"3334,3335,positive"
"3335,3336,positive"
"3336,3337,positive"
"3337,3338,positive"
"3338,3339,positive"
"3339,3340,positive"
"3340,3341,positive"
"3341,3342,positive"
"3342,3343,positive"
"3343,3344,positive"
"3344,3345,positive"
"3345,3346,positive"
"3346,3347,positive"
"3347,3348,positive"
"3348,3349,positive"
"3349,3350,positive"
"3350,3351,positive"
"3351,3352,positive"
"3352,3353,positive"
"3353,3354,positive"
"3354,3355,positive"
"3355,3356,positive"
"3356,3357,positive"
"3357,3358,positive"
"3358,3359,positive"
"3359,3360,positive"
"3360,3361,positive"
"3361,3362,positive"
"3362,3363,positive"
"3363,3364,positive"
"3364,3365,positive"
"3365,3366,positive"
"3366,3367,positive"
"3367,3368,positive"
"3368,3369,positive"
"3369,3370,positive"
"3370,3371,positive"
"3371,3372,positive"
"3372,3373,positive"
"3373,3374,positive"
"3374,3375,positive"
"3375,3376,positive"
"3376,3377,positive"
"3377,3378,positive"
"3378,3379,positive"
"3379,3380,positive"
"3380,3381,positive"
"3381,3382,positive"
"3382,3383,positive"
"3383,3384,positive"
"3384,3385,positive"
"3385,3386,positive"
"3386,3387,positive"
"3387,3388,positive"
"3388,3389,positive"
"3389,3390,positive"
"3390,3391,positive"
"3391,3392,positive"
"3392,3393,positive"
"3393,3394,positive"
"3394,3395,positive"
"3395,3396,positive"
"3396,3397,positive"
"3397,3398,positive"
"3398,3399,positive"
"3399,3400,positive"
"3400,3401,positive"
"3401,3402,positive"
"3402,3403,positive"
"3403,3404,positive"
"3404,3405,positive"
"3405,3406,positive"
"3406,3407,positive"
"3407,3408,positive"
"3408,3409,positive"
"3409,3410,positive"
"3410,3411,positive"
"3411,3412,positive"
"3412,3413,positive"
"3413,3414,positive"
"3414,3415,positive"
"3415,3416,positive"
"3416,3417,positive"
"3417,3418,positive"
"3418,3419,positive"
"3419,3420,positive"
"3420,3421,positive"
"3421,3422,positive"
"3422,3423,positive"
"3423,3424,positive"
"3424,3425,positive"
"3425,3426,positive"
"3426,3427,positive"
"3427,3428,positive"
"3428,3429,positive"
"3429,3430,positive"
"3430,3431,positive"
"3431,3432,positive"
"3432,3433,positive"
"3433,3434,positive"
"3434,3435,positive"
"3435,3436,positive"
"3436,3437,positive"
"3437,3438,positive"
"3438,3439,positive"
"3439,3440,positive"
"3440,3441,positive"
"3441,3442,positive"
"3442,3443,positive"
"3443,3444,positive"
"3444,3445,positive"
"3445,3446,positive"
"3446,3447,positive"
"3447,3448,positive"
"3448,3449,positive"
"3449,3450,positive"
"3450,3451,positive"
"3451,3452,positive"
"3452,3453,positive"
"3453,3454,positive"
"3454,3455,positive"
"3455,3456,positive"
"3456,3457,positive"
"3457,3458,positive"
"3458,3459,positive"
"3459,3460,positive"
"3460,3461,positive"
"3461,3462,positive"
"3462,3463,positive"
"3463,3464,positive"
"3464,3465,positive"
"3465,3466,positive"
"3466,3467,positive"
"3467,3468,positive"
"3468,3469,positive"
"3469,3470,positive"
"3470,3471,positive"
"3471,3472,positive"
"3472,3473,positive"
"3473,3474,positive"
"3474,3475,positive"
"3475,3476,positive"
"3476,3477,positive"
"3477,3478,positive"
"3478,3479,positive"
"3479,3480,positive"
"3480,3481,positive"
"3481,3482,positive"
"3482,3483,positive"
"3483,3484,positive"
"3484,3485,positive"
"3485,3486,positive"
"3486,3487,positive"
"3487,3488,positive"
"3488,3489,positive"
"3489,3490,positive"
"3490,3491,positive"
"3491,3492,positive"
"3492,3493,positive"
"3493,3494,positive"
"3494,3495,positive"
"3495,3496,positive"
"3496,3497,positive"
"3497,3498,positive"
"3498,3499,positive"
"3499,3500,positive"
"3500,3501,positive"
"3501,3502,positive"
"3502,3503,positive"
"3503,3504,positive"
"3504,3505,positive"
"3505,3506,positive"
"3506,3507,positive"
"3507,3508,positive"
"3508,3509,positive"
"3509,3510,positive"
"3510,3511,positive"
"3511,3512,positive"
"3512,3513,positive"
"3513,3514,positive"
"3514,3515,positive"
"3515,3516,positive"
"3516,3517,positive"
"3517,3518,positive"
"3518,3519,positive"
"3519,3520,positive"
"3520,3521,positive"
"3521,3522,positive"
"3522,3523,positive"
"3523,3524,positive"
"3524,3525,positive"
"3525,3526,positive"
"3526,3527,positive"
"3527,3528,positive"
"3528,3529,positive"
"3529,3530,positive"
"3530,3531,positive"
"3531,3532,positive"
"3532,3533,positive"
"3533,3534,positive"
"3534,3535,positive"
"3535,3536,positive"
"3536,3537,positive"
"3537,3538,positive"
"3538,3539,positive"
"3539,3540,positive"
"3540,3541,positive"
"3541,3542,positive"
"3542,3543,positive"
"3543,3544,positive"
"3544,3545,positive"
"3545,3546,positive"
"3546,3547,positive"
"3547,3548,positive"
"3548,3549,positive"
"3549,3550,positive"
"3550,3551,positive"
"3551,3552,positive"
"3552,3553,positive"
"3553,3554,positive"
"3554,3555,positive"
"3555,3556,positive"
"3556,3557,positive"
"3557,3558,positive"
"3558,3559,positive"
"3559,3560,positive"
"3560,3561,positive"
"3561,3562,positive"
"3562,3563,positive"
"3563,3564,positive"
"3564,3565,positive"
"3565,3566,positive"
"3566,3567,positive"
"3567,3568,positive"
"3568,3569,positive"
"3569,3570,positive"
"3570,3571,positive"
"3571,3572,positive"
"3572,3573,positive"
"3573,3574,positive"
"3574,3575,positive"
"3575,3576,positive"
"3576,3577,positive"
"3577,3578,positive"
"3578,3579,positive"
"3579,3580,positive"
"3580,3581,positive"
"3581,3582,positive"
"3582,3583,positive"
"3583,3584,positive"
"3584,3585,positive"
"3585,3586,positive"
"3586,3587,positive"
"3587,3588,positive"
"3588,3589,positive"
"3589,3590,positive"
"3590,3591,positive"
"3591,3592,positive"
"3592,3593,positive"
"3593,3594,positive"
"3594,3595,positive"
"3595,3596,positive"
"3596,3597,positive"
"3597,3598,positive"
"3598,3599,positive"
"3599,3600,positive"
"3600,3601,positive"
"3601,3602,positive"
"3602,3603,positive"
"3603,3604,positive"
"3604,3605,positive"
"3605,3606,positive"
"3606,3607,positive"
"3607,3608,positive"
"3608,3609,positive"
"3609,3610,positive"
"3610,3611,positive"
"3611,3612,positive"
"3612,3613,positive"
"3613,3614,positive"
"3614,3615,positive"
"3615,3616,positive"
"3616,3617,positive"
"3617,3618,positive"
"3618,3619,positive"
"3619,3620,positive"
"3620,3621,positive"
"3621,3622,positive"
"3622,3623,positive"
"3623,3624,positive"
"3624,3625,positive"
"3625,3626,positive"
"3626,3627,positive"
"3627,3628,positive"
"3628,3629,positive"
"3629,3630,positive"
"3630,3631,positive"
"3631,3632,positive"
"3632,3633,positive"
"3633,3634,positive"
"3634,3635,positive"
"3635,3636,positive"
"3636,3637,positive"
"3637,3638,positive"
"3638,3639,positive"
"3639,3640,positive"
"3640,3641,positive"
"3641,3642,positive"
"3642,3643,positive"
"3643,3644,positive"
"3644,3645,positive"
"3645,3646,positive"
"3646,3647,positive"
"3647,3648,positive"
"3648,3649,positive"
"3649,3650,positive"
"3650,3651,positive"
"3651,3652,positive"
"3652,3653,positive"
"3653,3654,positive"
"3654,3655,positive"
"3655,3656,positive"
"3656,3657,positive"
"3657,3658,positive"
"3658,3659,positive"